event_id,event_date,city,side,channel,pilot_group,event_type,requests,completed_trips,cancelled_trips,response_time_min,success_rate_pct,adoption_rate_pct,revenue_inr,cost_inr,satisfaction_score
EVT-00390,2025-01-01,Kolkata,Driver,Web,Control,Trip Completed,6.0,3.0,3.0,2.16,50.0,60.54,766.61,490.88,4.8
EVT-00073,2025-01-01,Chennai,Rider,App,Pilot,Trip Completed,23.0,0.0,23.0,15.85,0.0,67.69,0.0,0.0,2.6
EVT-00544,2025-01-01,Bengaluru,Rider,App,Pilot,Trip Cancelled,12.0,4.0,8.0,11.15,33.33,51.77,362.63,148.58,4.1
EVT-00333,2025-01-01,Hyderabad,Rider,Partner,Pilot,Trip Completed,15.0,11.0,4.0,13.46,73.33,42.03,3155.11,1547.66,2.9
EVT-00063,2025-01-01,Mumbai,Driver,Web,Control,Trip Completed,13.0,10.0,3.0,11.3,76.92,58.26,2344.51,1463.68,3.9
EVT-00491,2025-01-01,Kolkata,Rider,Partner,Pilot,Trip Completed,12.0,6.0,6.0,8.28,50.0,63.02,1656.15,1393.93,3.1
EVT-00133,2025-01-01,Bengaluru,Rider,Web,Pilot,Driver Online,26.0,1.0,25.0,17.99,3.85,38.04,412.24,228.16,4.7
EVT-00539,2025-01-02,Kolkata,Driver,Web,Control,Trip Completed,29.0,2.0,27.0,12.23,6.9,81.75,181.43,74.53,4.1
EVT-00518,2025-01-02,Delhi,Rider,Partner,Pilot,Trip Cancelled,32.0,27.0,5.0,10.09,84.38,64.55,2812.12,2134.83,3.3
EVT-00450,2025-01-02,Chennai,Driver,Web,Pilot,Rider Request,33.0,12.0,21.0,11.7,36.36,77.88,3680.26,2228.34,3.6
EVT-00018,2025-01-02,Delhi,Driver,Web,Control,Rider Request,9.0,8.0,1.0,7.26,88.89,80.74,3080.14,2444.22,4.4
EVT-00280,2025-01-02,Pune,Driver,App,Pilot,Trip Completed,15.0,10.0,5.0,13.65,66.67,90.63,1488.95,958.58,4.3
EVT-00331,2025-01-02,Chennai,Driver,Partner,Control,Rider Request,32.0,28.0,4.0,13.18,87.5,64.97,8660.28,6334.53,2.6
EVT-00005,2025-01-02,Chennai,Driver,Web,Pilot,Trip Completed,18.0,11.0,7.0,17.0,61.11,91.37,3116.15,2527.0,2.7
EVT-00273,2025-01-02,Chennai,Rider,App,Control,Trip Completed,3.0,1.0,2.0,15.24,33.33,92.08,84.13,57.8,2.6
EVT-00170,2025-01-02,Pune,Rider,Partner,Pilot,Rider Request,15.0,2.0,13.0,3.99,13.33,56.57,441.12,321.62,4.4
EVT-00171,2025-01-03,Kolkata,Driver,Partner,Pilot,Trip Completed,25.0,4.0,21.0,9.665,16.0,64.08,332.69,157.48,4.3
EVT-00356,2025-01-03,Delhi,Driver,Partner,Pilot,Trip Completed,9.0,6.0,3.0,2.58,66.67,90.89,1336.49,799.82,4.8
EVT-00149,2025-01-03,Chennai,Rider,Partner,Pilot,Trip Completed,5.0,3.0,2.0,16.8,60.0,69.02,1098.87,670.84,4.1
EVT-00490,2025-01-04,Kolkata,Driver,App,Control,Trip Completed,14.0,5.0,9.0,5.9,35.71,42.53,791.54,319.15,4.6
EVT-00232,2025-01-04,Chennai,Rider,Web,Pilot,Trip Cancelled,14.0,11.0,3.0,11.02,78.57,78.96,902.77,361.53,4.7
EVT-00028,2025-01-05,Kolkata,Driver,Web,Pilot,Trip Cancelled,16.0,12.0,4.0,17.5,75.0,80.02,1127.56,619.49,3.6
EVT-00251,2025-01-05,Hyderabad,Driver,App,Pilot,Trip Completed,27.0,1.0,26.0,5.49,3.7,66.54,311.07,120.73,3.2
EVT-00595,2025-01-06,Hyderabad,Rider,App,Control,Trip Completed,26.0,22.0,4.0,10.57,84.62,63.5,3027.28,2023.47,4.9
EVT-00104,2025-01-06,Bengaluru,Driver,App,Pilot,Trip Completed,13.0,10.0,3.0,5.44,76.92,93.6,1159.84,811.3,3.0
EVT-00354,2025-01-06,Mumbai,Driver,Partner,Pilot,Trip Cancelled,10.0,3.0,7.0,5.05,30.0,90.71,810.59,619.49,4.3
EVT-00282,2025-01-06,Chennai,Rider,Web,Pilot,Trip Completed,21.0,14.0,7.0,5.77,66.67,62.37,4563.61,1617.92,4.0
EVT-00565,2025-01-07,Kolkata,Rider,Partner,Pilot,Trip Cancelled,9.0,2.0,7.0,11.51,22.22,45.51,702.25,498.64,2.7
EVT-00454,2025-01-09,Kolkata,Rider,App,Pilot,Trip Cancelled,8.0,4.0,4.0,15.3,50.0,79.37,1582.89,1138.69,3.3
EVT-00084,2025-01-09,Mumbai,Rider,App,Pilot,Trip Completed,4.0,1.0,3.0,10.17,25.0,45.82,172.58,61.99,4.8
EVT-00469,2025-01-09,Hyderabad,Rider,Web,Control,Trip Cancelled,5.0,1.0,4.0,16.93,20.0,82.34,400.05,275.36,3.4
EVT-00004,2025-01-09,Mumbai,Rider,Web,Control,Trip Completed,7.0,3.0,4.0,9.67,42.86,37.17,1167.51,559.69,4.2
EVT-00092,2025-01-10,Kolkata,Rider,Partner,Control,Trip Completed,7.0,5.0,2.0,3.49,71.43,81.05,727.42,296.53,3.6
EVT-00457,2025-01-11,Kolkata,Rider,Partner,Pilot,Trip Completed,11.0,11.0,0.0,10.07,100.0,47.45,3891.35,1723.43,2.7
EVT-00382,2025-01-11,Mumbai,Driver,Partner,Control,Trip Cancelled,19.0,5.0,14.0,5.66,26.32,54.39,1443.18,1153.05,4.5
EVT-00638,2025-01-11,Delhi,Driver,Web,Control,Trip Completed,32.0,13.0,19.0,4.89,40.62,65.69,4921.88,3020.2,4.8
EVT-00204,2025-01-12,Bengaluru,Rider,Web,Control,Trip Cancelled,5.0,3.0,2.0,5.13,60.0,65.77,992.32,607.91,2.6
EVT-00055,2025-01-12,Mumbai,Driver,Web,Pilot,Trip Completed,27.0,8.0,19.0,3.02,29.63,65.31,2510.77,1521.1,2.9
EVT-00120,2025-01-12,Kolkata,Driver,App,Pilot,Trip Cancelled,19.0,13.0,6.0,7.06,68.42,46.47,4530.47,3077.79,3.7
EVT-00124,2025-01-12,Bengaluru,Rider,Web,Control,Driver Online,26.0,7.0,19.0,8.19,26.92,72.92,2065.45,1107.96,3.8
EVT-00369,2025-01-12,Bengaluru,Driver,Partner,Control,Trip Cancelled,16.0,1.0,15.0,10.99,6.25,62.03,173.81,127.63,3.1
EVT-00106,2025-01-12,Kolkata,Driver,App,Control,Rider Request,17.0,7.0,10.0,5.79,41.18,74.94,1845.17,1365.28,2.8
EVT-00226,2025-01-12,Chennai,Rider,Partner,Pilot,Rider Request,32.0,5.0,27.0,11.21,15.62,58.65,885.83,400.05,4.4
EVT-00361,2025-01-12,Pune,Driver,Partner,Control,Trip Completed,21.0,7.0,14.0,16.85,33.33,41.01,1631.14,846.12,4.7
EVT-00240,2025-01-13,Pune,Rider,Partner,Control,Driver Online,30.0,8.0,22.0,3.24,26.67,84.25,2392.09,894.86,3.4
EVT-00424,2025-01-13,Delhi,Driver,Web,Pilot,Trip Cancelled,29.0,1.0,28.0,4.26,3.45,64.14,91.31,37.52,3.5
EVT-00316,2025-01-13,Pune,Driver,App,Control,Driver Online,26.0,10.0,16.0,11.28,38.46,57.36,976.76,357.37,3.6
EVT-00548,2025-01-14,Kolkata,Rider,App,Control,Rider Request,17.0,13.0,4.0,10.23,76.47,71.82,4562.13,2374.51,4.5
EVT-00455,2025-01-14,Mumbai,Driver,Web,Pilot,Trip Completed,10.0,9.0,1.0,3.17,90.0,84.89,3203.41,1893.65,2.6
EVT-00640,2025-01-14,Pune,Driver,Partner,Control,Trip Completed,34.0,1.0,33.0,4.05,2.94,46.52,204.12,115.58,4.1
EVT-00486,2025-01-14,Pune,Driver,Web,Control,Trip Cancelled,17.0,10.0,7.0,4.31,58.82,59.22,1979.66,1120.3,4.5
EVT-00458,2025-01-14,Chennai,Driver,App,Control,Trip Completed,30.0,6.0,24.0,16.24,20.0,59.43,1067.27,760.27,4.6
EVT-00422,2025-01-14,Kolkata,Driver,App,Control,Trip Completed,24.0,19.0,5.0,3.36,79.17,60.69,7246.02,2707.1,4.9
EVT-00276,2025-01-14,Kolkata,Rider,Web,Control,Rider Request,24.0,17.0,7.0,17.03,70.83,92.63,1426.36,820.24,4.9
EVT-00425,2025-01-14,Bengaluru,Driver,Web,Pilot,Driver Online,30.0,28.0,2.0,9.22,93.33,60.87,10023.77,7994.24,4.6
EVT-00003,2025-01-15,Chennai,Driver,Partner,Control,Trip Completed,3.0,0.0,3.0,11.52,0.0,45.74,0.0,0.0,4.9
EVT-00411,2025-01-15,Hyderabad,Rider,App,Pilot,Trip Completed,17.0,15.0,2.0,6.99,88.24,70.12,4805.78,3274.1,4.5
EVT-00423,2025-01-15,Mumbai,Driver,Partner,Pilot,Trip Completed,13.0,8.0,5.0,3.68,61.54,96.59,2224.75,1886.0,4.8
EVT-00602,2025-01-15,Pune,Driver,Web,Pilot,Rider Request,7.0,6.0,1.0,15.77,85.71,55.2,843.8,396.32,3.5
EVT-00395,2025-01-15,Kolkata,Rider,Partner,Pilot,Trip Completed,28.0,28.0,0.0,7.88,100.0,38.22,6026.99,3651.47,3.7
EVT-00631,2025-01-15,Mumbai,Rider,Web,Control,Rider Request,15.0,6.0,9.0,3.35,40.0,39.76,1657.21,1112.51,4.6
EVT-00197,2025-01-15,Bengaluru,Rider,App,Pilot,Driver Online,2.0,2.0,0.0,12.82,100.0,39.39,278.92,216.96,3.1
EVT-00320,2025-01-15,Pune,Driver,Partner,Control,Trip Completed,8.0,7.0,1.0,1.64,87.5,44.8,1053.31,700.76,3.0
EVT-00619,2025-01-15,Pune,Driver,Web,Control,Trip Completed,11.0,4.0,7.0,6.27,36.36,71.89,1124.24,797.76,4.4
EVT-00516,2025-01-16,Bengaluru,Rider,Partner,Pilot,Trip Completed,34.0,10.0,24.0,15.24,29.41,66.08,3899.55,3174.26,2.9
EVT-00596,2025-01-16,Hyderabad,Rider,Partner,Control,Rider Request,15.0,5.0,10.0,2.93,33.33,77.16,1097.52,642.43,2.6
EVT-00435,2025-01-16,Hyderabad,Rider,App,Pilot,Trip Completed,28.0,0.0,28.0,15.3,0.0,66.66,0.0,0.0,5.0
EVT-00427,2025-01-16,Bengaluru,Rider,App,Pilot,Trip Completed,2.0,0.0,2.0,10.64,0.0,67.32,0.0,0.0,4.4
EVT-00025,2025-01-17,Delhi,Rider,Partner,Control,Trip Cancelled,26.0,2.0,24.0,5.73,7.69,73.53,215.48,75.98,4.1
EVT-00108,2025-01-17,Hyderabad,Driver,App,Control,Trip Completed,26.0,23.0,3.0,2.25,88.46,89.91,9452.68,7887.68,4.4
EVT-00367,2025-01-17,Chennai,Rider,App,Pilot,Trip Completed,11.0,6.0,5.0,3.14,54.55,73.0,1548.15,738.15,3.7
EVT-00283,2025-01-17,Bengaluru,Rider,App,Pilot,Driver Online,23.0,14.0,9.0,13.69,60.87,35.87,2302.27,1052.61,3.2
EVT-00496,2025-01-17,Hyderabad,Driver,App,Pilot,Driver Online,13.0,3.0,10.0,5.23,23.08,46.09,1123.56,642.78,2.8
EVT-00245,2025-01-17,Hyderabad,Driver,App,Pilot,Rider Request,26.0,5.0,21.0,14.08,19.23,63.66,854.33,392.91,2.8
EVT-00347,2025-01-17,Chennai,Driver,App,Pilot,Trip Completed,14.0,12.0,2.0,15.37,85.71,48.94,2514.44,1896.4,4.6
EVT-00211,2025-01-19,Hyderabad,Driver,App,Control,Trip Cancelled,33.0,25.0,8.0,17.26,75.76,86.74,2013.3,1345.29,2.6
EVT-00193,2025-01-19,Delhi,Driver,Partner,Pilot,Rider Request,21.0,12.0,9.0,6.83,57.14,97.82,4957.51,3361.52,2.8
EVT-00312,2025-01-20,Bengaluru,Rider,Partner,Control,Trip Completed,5.0,2.0,3.0,9.24,40.0,62.91,496.02,387.15,3.7
EVT-00349,2025-01-20,Chennai,Driver,Partner,Control,Rider Request,17.0,13.0,4.0,15.44,76.47,49.11,2097.01,1271.1,4.4
EVT-00026,2025-01-20,Delhi,Driver,App,Control,Rider Request,23.0,14.0,9.0,7.7,60.87,40.92,3872.61,1425.01,3.7
EVT-00206,2025-01-21,Bengaluru,Driver,App,Control,Trip Completed,7.0,3.0,4.0,3.22,42.86,59.22,737.42,498.58,4.9
EVT-00543,2025-01-21,Mumbai,Rider,App,Control,Driver Online,20.0,17.0,3.0,3.57,85.0,83.23,2574.91,1317.64,4.5
EVT-00505,2025-01-21,Kolkata,Rider,Web,Control,Trip Completed,11.0,1.0,10.0,16.01,9.09,67.4,263.32,125.75,4.4
EVT-00115,2025-01-21,Mumbai,Driver,Web,Pilot,Trip Cancelled,32.0,10.0,22.0,12.97,31.25,89.19,3451.49,1276.39,3.7
EVT-00434,2025-01-22,Bengaluru,Driver,Partner,Pilot,Trip Completed,1.0,1.0,0.0,15.77,100.0,42.48,138.44,81.44,4.3
EVT-00583,2025-01-23,Delhi,Driver,Partner,Control,Driver Online,22.0,7.0,15.0,13.43,31.82,37.05,1976.76,1224.79,4.9
EVT-00639,2025-01-23,Delhi,Driver,Web,Pilot,Driver Online,14.0,13.0,1.0,16.34,92.86,92.38,5209.43,3178.35,4.2
EVT-00414,2025-01-23,Kolkata,Driver,Partner,Pilot,Trip Completed,26.0,18.0,8.0,16.12,69.23,44.54,2369.54,1218.6,2.6
EVT-00217,2025-01-23,Bengaluru,Driver,Web,Pilot,Trip Completed,33.0,23.0,10.0,7.68,69.7,45.51,5206.74,2193.58,4.7
EVT-00622,2025-01-23,Kolkata,Rider,App,Pilot,Trip Cancelled,28.0,12.0,16.0,9.8,42.86,40.22,3489.61,1814.99,4.6
EVT-00033,2025-01-24,Kolkata,Driver,App,Control,Trip Cancelled,20.0,11.0,9.0,7.9,55.0,75.53,2593.87,1615.48,4.9
EVT-00464,2025-01-24,Mumbai,Rider,App,Pilot,Rider Request,5.0,1.0,4.0,10.52,20.0,50.73,196.71,152.65,3.9
EVT-00561,2025-01-24,Delhi,Driver,App,Control,Trip Cancelled,7.0,6.0,1.0,16.25,85.71,67.87,1015.85,745.27,4.8
EVT-00482,2025-01-25,Hyderabad,Rider,App,Control,Trip Completed,29.0,18.0,11.0,8.18,62.07,97.92,1776.39,1135.59,2.7
EVT-00281,2025-01-25,Pune,Driver,App,Pilot,Trip Cancelled,9.0,3.0,6.0,17.0,33.33,48.89,980.24,645.61,4.3
EVT-00357,2025-01-25,Hyderabad,Driver,App,Control,Trip Completed,10.0,9.0,1.0,2.89,90.0,59.77,1026.75,367.88,4.2
EVT-00461,2025-01-26,Delhi,Rider,Partner,Pilot,Trip Completed,23.0,6.0,17.0,8.73,26.09,88.17,1015.31,569.44,2.6
EVT-00508,2025-01-26,Pune,Driver,Partner,Control,Trip Completed,3.0,3.0,0.0,13.31,100.0,96.29,1242.73,741.9,4.7
EVT-00246,2025-01-27,Chennai,Rider,Web,Control,Driver Online,34.0,5.0,29.0,8.69,14.71,55.92,981.07,705.89,3.1
EVT-00192,2025-01-27,Mumbai,Rider,Web,Pilot,Trip Completed,8.0,4.0,4.0,13.59,50.0,86.68,745.9,558.9,4.9
EVT-00348,2025-01-27,Pune,Rider,Partner,Pilot,Rider Request,6.0,4.0,2.0,16.91,66.67,78.08,1042.94,382.06,3.7
EVT-00272,2025-01-27,Chennai,Driver,App,Control,Driver Online,19.0,11.0,8.0,5.24,57.89,90.4,3904.87,2688.8,4.1
EVT-00071,2025-01-27,Pune,Driver,Partner,Control,Trip Completed,6.0,6.0,0.0,9.12,100.0,94.68,792.84,509.89,3.8
EVT-00126,2025-01-28,Mumbai,Rider,App,Pilot,Trip Cancelled,18.0,7.0,11.0,8.04,38.89,49.93,1118.52,885.71,3.6
EVT-00103,2025-01-28,Pune,Rider,App,Pilot,Rider Request,29.0,18.0,11.0,15.11,62.07,56.91,5589.46,3537.38,3.2
EVT-00292,2025-01-29,Kolkata,Rider,Partner,Pilot,Driver Online,23.0,12.0,11.0,4.23,52.17,35.13,3892.46,2787.78,3.8
EVT-00606,2025-01-29,Bengaluru,Rider,Web,Control,Trip Completed,30.0,9.0,21.0,13.72,30.0,76.7,1807.92,1363.95,3.2
EVT-00031,2025-01-29,Chennai,Driver,App,Pilot,Trip Completed,5.0,3.0,2.0,1.78,60.0,83.09,1063.05,556.14,3.7
EVT-00526,2025-01-30,Delhi,Driver,Web,Control,Trip Cancelled,25.0,18.0,7.0,4.25,72.0,97.13,6463.6,3171.94,2.7
EVT-00052,2025-01-30,Kolkata,Driver,Partner,Control,Driver Online,10.0,7.0,3.0,15.39,70.0,83.44,717.64,267.63,4.1
EVT-00617,2025-01-30,Kolkata,Rider,Partner,Control,Trip Completed,1.0,1.0,0.0,10.34,100.0,93.95,283.19,213.73,4.5
EVT-00229,2025-01-31,Kolkata,Driver,Web,Pilot,Driver Online,3.0,1.0,2.0,10.2,33.33,74.85,299.12,227.3,3.3
EVT-00235,2025-01-31,Delhi,Rider,Partner,Control,Trip Completed,8.0,5.0,3.0,2.68,62.5,78.0,811.28,573.56,4.6
EVT-00594,2025-01-31,Bengaluru,Rider,Partner,Pilot,Trip Completed,26.0,20.0,6.0,11.3,76.92,73.3,4342.88,2988.93,3.0
EVT-00242,2025-01-31,Mumbai,Driver,App,Control,Trip Completed,22.0,0.0,22.0,14.64,0.0,82.5,0.0,0.0,4.8
EVT-00389,2025-01-31,Hyderabad,Rider,App,Pilot,Trip Completed,4.0,2.0,2.0,14.56,50.0,92.69,404.66,203.74,3.0
EVT-00156,2025-01-31,Bengaluru,Rider,Partner,Pilot,Trip Completed,11.0,1.0,10.0,2.45,9.09,78.79,1402.855,194.62,2.9
EVT-00079,2025-02-01,Mumbai,Rider,App,Pilot,Trip Cancelled,3.0,3.0,0.0,4.74,100.0,66.85,846.95,440.11,3.9
EVT-00365,2025-02-01,Hyderabad,Driver,Web,Pilot,Driver Online,11.0,4.0,7.0,2.85,36.36,37.2,1666.07,608.13,3.6
EVT-00150,2025-02-01,Delhi,Rider,Web,Pilot,Trip Completed,33.0,22.0,11.0,5.84,66.67,57.69,2415.57,1977.09,3.9
EVT-00267,2025-02-01,Bengaluru,Driver,Partner,Pilot,Trip Completed,32.0,9.0,23.0,9.45,28.12,57.79,3624.58,2414.26,2.8
EVT-00328,2025-02-01,Bengaluru,Driver,Partner,Control,Trip Completed,31.0,28.0,3.0,14.63,90.32,46.03,8644.72,3978.75,3.0
EVT-00047,2025-02-02,Chennai,Rider,Web,Control,Trip Completed,21.0,21.0,0.0,15.18,100.0,70.85,2133.47,785.99,2.8
EVT-00021,2025-02-02,Hyderabad,Rider,Partner,Control,Trip Completed,30.0,5.0,25.0,17.65,16.67,65.66,1940.37,1100.57,3.4
EVT-00549,2025-02-02,Kolkata,Driver,Web,Control,Rider Request,17.0,5.0,12.0,14.6,29.41,65.65,967.88,390.45,3.1
EVT-00577,2025-02-02,Hyderabad,Driver,App,Pilot,Rider Request,14.0,10.0,4.0,10.18,71.43,80.24,2776.94,2287.88,2.6
EVT-00572,2025-02-02,Hyderabad,Rider,App,Control,Trip Completed,5.0,1.0,4.0,12.8,20.0,79.59,202.4,78.6,3.6
EVT-00618,2025-02-03,Bengaluru,Driver,Web,Control,Trip Completed,30.0,1.0,29.0,10.04,3.33,42.84,407.15,201.52,4.6
EVT-00536,2025-02-03,Bengaluru,Driver,Partner,Pilot,Rider Request,6.0,6.0,0.0,6.21,100.0,71.91,703.34,585.82,2.9
EVT-00364,2025-02-03,Pune,Rider,Web,Control,Trip Completed,9.0,6.0,3.0,3.33,66.67,75.83,2265.24,1688.19,2.9
EVT-00377,2025-02-04,Pune,Rider,App,Pilot,Trip Cancelled,22.0,1.0,21.0,11.52,4.55,59.49,161.7,64.27,3.3
EVT-00388,2025-02-04,Pune,Driver,Partner,Pilot,Trip Cancelled,27.0,13.0,14.0,3.95,48.15,45.84,4924.16,3098.16,4.7
EVT-00205,2025-02-04,Delhi,Driver,App,Pilot,Driver Online,12.0,5.0,7.0,8.67,41.67,83.75,1423.27,1133.3,3.6
EVT-00136,2025-02-04,Hyderabad,Driver,Web,Control,Trip Completed,14.0,9.0,5.0,14.03,64.29,66.53,2379.63,1964.95,4.6
EVT-00462,2025-02-04,Bengaluru,Driver,App,Control,Trip Completed,24.0,7.0,17.0,3.26,29.17,58.11,796.8,584.29,4.9
EVT-00278,2025-02-04,Mumbai,Driver,Web,Control,Trip Completed,27.0,14.0,13.0,17.2,51.85,53.73,1558.24,1012.11,4.1
EVT-00230,2025-02-04,Chennai,Rider,Web,Pilot,Rider Request,8.0,0.0,8.0,2.98,0.0,35.15,0.0,0.0,4.1
EVT-00243,2025-02-05,Mumbai,Rider,Web,Control,Trip Completed,1.0,1.0,0.0,2.91,100.0,37.71,306.73,233.62,4.5
EVT-00481,2025-02-05,Mumbai,Driver,Web,Pilot,Rider Request,7.0,1.0,6.0,9.54,14.29,94.56,99.46,81.11,2.6
EVT-00125,2025-02-06,Pune,Driver,App,Pilot,Trip Completed,14.0,7.0,7.0,11.06,50.0,76.75,786.72,531.87,3.3
EVT-00554,2025-02-06,Mumbai,Rider,Partner,Control,Trip Completed,22.0,18.0,4.0,4.83,81.82,41.93,3786.33,2910.1,4.7
EVT-00098,2025-02-06,Pune,Rider,Partner,Control,Rider Request,24.0,10.0,14.0,16.41,41.67,97.32,3327.4,1272.71,3.5
EVT-00525,2025-02-06,Hyderabad,Driver,App,Pilot,Rider Request,9.0,9.0,0.0,4.2,100.0,53.86,1026.47,498.72,4.5
EVT-00129,2025-02-06,Hyderabad,Driver,App,Control,Trip Completed,5.0,0.0,5.0,9.87,0.0,37.62,0.0,0.0,4.9
EVT-00210,2025-02-06,Delhi,Rider,App,Pilot,Trip Completed,13.0,10.0,3.0,2.24,76.92,63.39,3960.05,1713.13,3.5
EVT-00571,2025-02-07,Chennai,Rider,Partner,Pilot,Trip Completed,15.0,11.0,4.0,15.5,73.33,90.98,2689.6,1920.94,3.3
EVT-00069,2025-02-07,Delhi,Rider,App,Pilot,Driver Online,4.0,1.0,3.0,14.08,25.0,90.24,196.31,149.32,2.8
EVT-00102,2025-02-09,Delhi,Rider,Partner,Pilot,Trip Completed,15.0,5.0,10.0,5.79,33.33,80.58,1242.99,485.42,3.1
EVT-00006,2025-02-09,Pune,Driver,App,Pilot,Driver Online,26.0,24.0,2.0,6.14,92.31,69.19,3069.94,2305.83,2.7
EVT-00587,2025-02-09,Bengaluru,Rider,Web,Pilot,Trip Completed,6.0,1.0,5.0,9.62,16.67,87.71,135.65,66.26,2.7
EVT-00623,2025-02-10,Mumbai,Driver,Web,Control,Trip Completed,1.0,0.0,1.0,2.74,0.0,68.75,0.0,0.0,4.8
EVT-00527,2025-02-10,Hyderabad,Driver,Partner,Control,Rider Request,18.0,12.0,6.0,15.41,66.67,63.09,3851.02,2757.09,2.9
EVT-00008,2025-02-10,Delhi,Rider,App,Control,Trip Completed,23.0,23.0,0.0,12.49,100.0,72.25,3988.32,2515.12,3.5
EVT-00447,2025-02-11,Bengaluru,Rider,App,Pilot,Trip Completed,3.0,2.0,1.0,14.64,66.67,87.48,830.32,619.12,4.0
EVT-00370,2025-02-11,Delhi,Rider,App,Control,Trip Completed,16.0,12.0,4.0,11.5,75.0,88.52,1143.59,820.04,3.4
EVT-00381,2025-02-11,Mumbai,Driver,Partner,Pilot,Trip Cancelled,28.0,8.0,20.0,2.92,28.57,38.59,926.91,595.81,3.9
EVT-00470,2025-02-11,Chennai,Driver,App,Pilot,Driver Online,8.0,4.0,4.0,16.84,50.0,47.9,1405.28,1010.78,2.7
EVT-00630,2025-02-12,Hyderabad,Rider,App,Control,Trip Completed,16.0,16.0,0.0,13.09,100.0,95.23,4170.49,2293.18,4.9
EVT-00506,2025-02-12,Chennai,Driver,Partner,Pilot,Trip Completed,10.0,4.0,6.0,15.66,40.0,64.21,1386.61,1141.79,3.2
EVT-00130,2025-02-12,Chennai,Driver,App,Control,Rider Request,31.0,23.0,8.0,10.01,74.19,65.8,7054.88,2961.82,2.6
EVT-00459,2025-02-13,Chennai,Driver,Web,Control,Trip Completed,17.0,17.0,0.0,2.54,100.0,55.45,5248.53,2722.06,2.9
EVT-00438,2025-02-13,Bengaluru,Driver,App,Pilot,Trip Completed,27.0,24.0,3.0,13.15,88.89,66.73,8685.87,5246.88,4.1
EVT-00401,2025-02-14,Mumbai,Rider,Partner,Control,Trip Completed,11.0,2.0,9.0,17.88,18.18,50.16,754.53,577.45,3.1
EVT-00131,2025-02-14,Hyderabad,Driver,Web,Pilot,Driver Online,21.0,0.0,21.0,13.56,0.0,44.84,0.0,0.0,3.1
EVT-00513,2025-02-15,Mumbai,Rider,App,Control,Rider Request,10.0,9.0,1.0,4.54,90.0,41.66,3207.32,2050.69,4.0
EVT-00448,2025-02-15,Chennai,Driver,App,Control,Trip Completed,25.0,9.0,16.0,2.53,36.0,59.41,2505.27,1458.32,4.0
EVT-00218,2025-02-16,Hyderabad,Rider,App,Pilot,Trip Completed,31.0,26.0,5.0,8.26,83.87,54.61,8065.75,5266.04,3.4
EVT-00082,2025-02-16,Pune,Driver,Partner,Pilot,Trip Completed,23.0,22.0,1.0,5.92,95.65,74.32,4822.4,3018.94,3.6
EVT-00241,2025-02-17,Kolkata,Driver,App,Pilot,Trip Completed,14.0,2.0,12.0,7.6,14.29,38.3,681.95,380.7,4.6
EVT-00228,2025-02-17,Kolkata,Rider,App,Pilot,Rider Request,32.0,7.0,25.0,2.53,21.88,90.66,1627.0,984.69,4.1
EVT-00056,2025-02-17,Pune,Rider,Web,Control,Trip Completed,15.0,14.0,1.0,7.61,93.33,65.52,4062.89,2171.44,3.7
EVT-00302,2025-02-17,Delhi,Driver,App,Control,Driver Online,32.0,16.0,16.0,1.74,50.0,48.06,5160.0,2803.48,4.2
EVT-00529,2025-02-18,Mumbai,Driver,App,Control,Trip Completed,34.0,25.0,9.0,4.05,73.53,74.49,2244.81,1508.2,3.2
EVT-00185,2025-02-18,Bengaluru,Rider,App,Control,Rider Request,33.0,3.0,30.0,8.4,9.09,40.6,937.43,583.6,5.0
EVT-00521,2025-02-18,Pune,Driver,Web,Pilot,Driver Online,20.0,1.0,19.0,3.27,5.0,84.18,389.47,210.87,4.1
EVT-00152,2025-02-18,Mumbai,Driver,Web,Control,Driver Online,30.0,13.0,17.0,14.8,43.33,84.77,2386.68,931.9,3.5
EVT-00474,2025-02-18,Chennai,Driver,Partner,Pilot,Driver Online,9.0,3.0,6.0,9.83,33.33,35.46,945.55,643.61,2.6
EVT-00556,2025-02-19,Chennai,Rider,Partner,Control,Trip Completed,2.0,2.0,0.0,13.72,100.0,42.43,674.45,268.18,2.6
EVT-00147,2025-02-19,Bengaluru,Driver,App,Pilot,Trip Completed,2.0,2.0,0.0,7.74,100.0,57.87,836.93,479.71,3.3
EVT-00050,2025-02-19,Hyderabad,Rider,Web,Control,Trip Completed,17.0,15.0,2.0,9.42,88.24,61.49,5201.81,3483.55,4.5
EVT-00402,2025-02-20,Bengaluru,Rider,Web,Pilot,Driver Online,18.0,11.0,7.0,13.56,61.11,61.46,3043.07,2331.92,4.5
EVT-00453,2025-02-20,Kolkata,Driver,Partner,Pilot,Rider Request,7.0,2.0,5.0,12.73,28.57,52.27,722.82,520.38,4.5
EVT-00080,2025-02-20,Delhi,Driver,Partner,Control,Driver Online,24.0,13.0,11.0,11.45,54.17,85.83,5294.91,4353.5,2.9
EVT-00383,2025-02-21,Chennai,Rider,Partner,Control,Trip Completed,25.0,11.0,14.0,13.08,44.0,70.06,2221.24,1789.59,2.6
EVT-00290,2025-02-21,Delhi,Rider,Partner,Pilot,Driver Online,5.0,3.0,2.0,11.93,60.0,58.53,516.93,240.83,3.3
EVT-00068,2025-02-22,Bengaluru,Rider,Partner,Pilot,Trip Completed,8.0,3.0,5.0,14.6,37.5,74.06,784.13,624.91,4.5
EVT-00244,2025-02-22,Hyderabad,Rider,App,Control,Trip Completed,24.0,1.0,23.0,1.82,4.17,42.84,220.64,131.6,3.5
EVT-00020,2025-02-23,Bengaluru,Driver,App,Pilot,Driver Online,33.0,13.0,20.0,6.87,39.39,82.03,3911.38,3029.8,4.1
EVT-00359,2025-02-23,Bengaluru,Rider,App,Pilot,Rider Request,26.0,15.0,11.0,1.69,57.69,84.6,2762.81,1022.6,4.0
EVT-00502,2025-02-23,Chennai,Rider,Web,Control,Trip Cancelled,16.0,4.0,12.0,12.22,25.0,89.68,1446.33,958.96,2.7
EVT-00087,2025-02-23,Bengaluru,Rider,Partner,Pilot,Driver Online,29.0,20.0,9.0,15.31,68.97,62.54,7825.49,5562.1,4.0
EVT-00578,2025-02-23,Pune,Rider,Partner,Pilot,Trip Completed,7.0,5.0,2.0,9.89,71.43,97.49,852.38,653.43,3.6
EVT-00088,2025-02-23,Mumbai,Rider,Partner,Control,Trip Completed,33.0,19.0,14.0,4.17,57.58,88.02,6987.79,5783.22,2.9
EVT-00132,2025-02-24,Kolkata,Driver,Partner,Control,Trip Cancelled,17.0,7.0,10.0,15.77,41.18,83.42,829.2,620.04,4.8
EVT-00095,2025-02-24,Bengaluru,Driver,Web,Pilot,Rider Request,13.0,1.0,12.0,16.99,7.69,85.32,419.3,220.28,4.4
EVT-00176,2025-02-24,Hyderabad,Driver,Web,Pilot,Trip Cancelled,19.0,18.0,1.0,9.72,94.74,39.85,1798.33,929.95,4.5
EVT-00061,2025-02-24,Delhi,Rider,Partner,Pilot,Trip Completed,24.0,5.0,19.0,8.06,20.83,96.08,1871.36,1419.49,3.7
EVT-00174,2025-02-25,Bengaluru,Rider,Web,Pilot,Trip Completed,20.0,9.0,11.0,16.12,45.0,72.36,1918.07,1067.04,4.2
EVT-00321,2025-02-25,Hyderabad,Driver,Partner,Pilot,Trip Completed,13.0,3.0,10.0,4.97,23.08,85.97,389.86,203.24,4.7
EVT-00574,2025-02-25,Delhi,Driver,Web,Pilot,Trip Completed,13.0,3.0,10.0,12.24,23.08,86.94,666.06,257.46,3.2
EVT-00299,2025-02-26,Mumbai,Rider,Web,Pilot,Rider Request,12.0,8.0,4.0,13.76,66.67,88.42,2123.99,1785.96,3.6
EVT-00264,2025-02-26,Pune,Rider,Web,Pilot,Driver Online,7.0,6.0,1.0,6.52,85.71,54.15,950.05,333.22,4.3
EVT-00633,2025-02-26,Kolkata,Rider,Partner,Pilot,Driver Online,15.0,0.0,15.0,5.46,0.0,40.25,0.0,0.0,4.2
EVT-00247,2025-02-26,Chennai,Driver,Partner,Control,Trip Cancelled,9.0,7.0,2.0,14.42,77.78,84.16,1650.03,905.87,3.3
EVT-00181,2025-02-26,Hyderabad,Driver,App,Pilot,Trip Cancelled,31.0,19.0,12.0,12.34,61.29,95.27,1965.47,743.98,3.2
EVT-00460,2025-02-26,Chennai,Rider,App,Pilot,Trip Completed,32.0,11.0,21.0,5.46,34.38,47.28,2768.37,2033.02,2.7
EVT-00629,2025-02-27,Delhi,Rider,Web,Control,Trip Completed,32.0,32.0,0.0,14.09,100.0,43.6,5047.94,3994.17,2.6
EVT-00503,2025-02-27,Pune,Rider,Web,Pilot,Trip Completed,5.0,3.0,2.0,11.57,60.0,87.6,964.56,391.85,4.3
EVT-00029,2025-02-27,Kolkata,Driver,App,Pilot,Trip Completed,9.0,4.0,5.0,2.46,44.44,92.66,921.6,433.05,2.7
EVT-00330,2025-02-27,Mumbai,Rider,App,Control,Trip Cancelled,26.0,14.0,12.0,16.49,53.85,64.49,3339.59,2438.86,2.9
EVT-00644,2025-02-27,Delhi,Driver,Web,Control,Trip Completed,30.0,4.0,26.0,16.65,13.33,60.71,580.14,353.05,4.8
EVT-00420,2025-02-28,Kolkata,Rider,App,Control,Driver Online,4.0,2.0,2.0,15.91,50.0,45.64,196.47,139.24,3.7
EVT-00416,2025-02-28,Hyderabad,Rider,Web,Pilot,Driver Online,24.0,8.0,16.0,7.61,33.33,82.33,3079.83,2380.9,3.0
EVT-00399,2025-02-28,Hyderabad,Rider,App,Pilot,Trip Completed,32.0,8.0,24.0,8.35,25.0,36.51,1552.21,680.71,2.7
EVT-00553,2025-02-28,Kolkata,Rider,Web,Pilot,Trip Cancelled,24.0,12.0,12.0,11.12,50.0,81.29,2271.85,834.51,2.8
EVT-00314,2025-02-28,Kolkata,Rider,App,Pilot,Trip Cancelled,1.0,1.0,0.0,14.87,100.0,61.07,149.42,55.46,3.9
EVT-00323,2025-03-01,Chennai,Rider,App,Pilot,Rider Request,34.0,8.0,26.0,4.65,23.53,56.86,2128.49,1800.46,4.2
EVT-00162,2025-03-01,Pune,Rider,Web,Control,Trip Completed,21.0,10.0,11.0,9.67,47.62,59.34,2330.42,1080.11,4.7
EVT-00195,2025-03-01,Hyderabad,Rider,Partner,Control,Driver Online,9.0,4.0,5.0,5.7,44.44,86.61,1516.56,929.22,3.1
EVT-00301,2025-03-01,Hyderabad,Rider,Web,Pilot,Rider Request,30.0,10.0,20.0,15.22,33.33,88.07,2069.02,1377.96,2.7
EVT-00472,2025-03-02,Pune,Driver,Partner,Control,Trip Completed,34.0,13.0,21.0,8.0,38.24,73.32,3005.01,2167.17,3.1
EVT-00179,2025-03-02,Mumbai,Driver,Partner,Pilot,Trip Completed,6.0,0.0,6.0,16.84,0.0,84.3,0.0,0.0,3.1
EVT-00291,2025-03-02,Delhi,Driver,Partner,Control,Trip Completed,5.0,1.0,4.0,16.09,20.0,56.72,237.03,132.09,2.5
EVT-00118,2025-03-02,Bengaluru,Rider,Web,Control,Trip Cancelled,31.0,31.0,0.0,6.43,100.0,93.92,12465.07,8260.01,4.5
EVT-00186,2025-03-02,Mumbai,Driver,Web,Pilot,Driver Online,17.0,1.0,16.0,2.85,5.88,63.87,244.8,105.97,3.7
EVT-00296,2025-03-02,Pune,Rider,Web,Pilot,Trip Completed,26.0,16.0,10.0,12.7,61.54,83.7,6455.84,4765.99,4.0
EVT-00492,2025-03-03,Delhi,Rider,Partner,Control,Trip Completed,34.0,5.0,29.0,9.62,14.71,97.15,873.06,478.18,4.2
EVT-00586,2025-03-03,Bengaluru,Rider,Partner,Control,Driver Online,6.0,2.0,4.0,10.53,33.33,75.95,672.56,444.57,3.9
EVT-00077,2025-03-03,Chennai,Rider,App,Pilot,Trip Completed,19.0,17.0,2.0,6.35,89.47,79.99,4409.8,2721.85,3.7
EVT-00096,2025-03-03,Mumbai,Driver,App,Control,Trip Completed,10.0,8.0,2.0,7.05,80.0,67.92,2631.78,925.53,3.7
EVT-00275,2025-03-03,Mumbai,Driver,App,Control,Trip Completed,2.0,1.0,1.0,7.67,50.0,94.5,298.19,204.48,4.1
EVT-00582,2025-03-03,Pune,Driver,App,Pilot,Trip Cancelled,22.0,10.0,12.0,5.66,45.45,65.92,1056.81,696.37,4.2
EVT-00188,2025-03-04,Delhi,Driver,Partner,Control,Trip Cancelled,4.0,3.0,1.0,10.07,75.0,47.91,1135.39,896.72,4.7
EVT-00027,2025-03-04,Chennai,Rider,Web,Control,Trip Completed,6.0,6.0,0.0,7.44,100.0,43.0,1545.38,1135.85,3.0
EVT-00319,2025-03-05,Mumbai,Driver,App,Pilot,Trip Completed,7.0,3.0,4.0,4.27,42.86,64.92,296.33,243.34,2.7
EVT-00636,2025-03-05,Hyderabad,Rider,Web,Control,Trip Completed,9.0,7.0,2.0,8.13,77.78,39.81,2303.83,1516.94,2.5
EVT-00334,2025-03-06,Bengaluru,Driver,Web,Pilot,Driver Online,31.0,16.0,15.0,4.98,51.61,70.06,5939.32,4558.62,4.8
EVT-00514,2025-03-07,Mumbai,Driver,Web,Control,Trip Completed,20.0,6.0,14.0,17.18,30.0,53.9,519.1,293.81,2.6
EVT-00153,2025-03-07,Bengaluru,Driver,Partner,Pilot,Rider Request,10.0,8.0,2.0,10.99,80.0,65.2,1493.34,975.43,2.8
EVT-00494,2025-03-07,Hyderabad,Driver,Partner,Control,Trip Completed,19.0,4.0,15.0,13.42,21.05,35.47,1012.42,424.87,4.7
EVT-00452,2025-03-07,Hyderabad,Driver,Partner,Pilot,Driver Online,6.0,4.0,2.0,16.31,66.67,42.52,765.87,580.43,4.0
EVT-00233,2025-03-07,Delhi,Rider,Web,Control,Driver Online,2.0,1.0,1.0,13.22,50.0,77.01,151.78,118.65,3.5
EVT-00277,2025-03-07,Chennai,Driver,App,Control,Trip Cancelled,18.0,8.0,10.0,4.87,44.44,67.74,841.39,549.21,3.8
EVT-00034,2025-03-08,Delhi,Rider,Web,Pilot,Trip Completed,12.0,1.0,11.0,2.14,8.33,73.95,194.43,131.8,3.5
EVT-00483,2025-03-08,Delhi,Rider,App,Pilot,Trip Completed,34.0,20.0,14.0,9.29,58.82,79.91,4271.78,2047.7,3.4
EVT-00497,2025-03-08,Bengaluru,Driver,Web,Control,Rider Request,13.0,8.0,5.0,3.22,61.54,70.85,2085.62,1207.54,3.5
EVT-00024,2025-03-08,Mumbai,Rider,Web,Control,Driver Online,24.0,17.0,7.0,11.65,70.83,97.37,2169.69,1321.7,4.7
EVT-00400,2025-03-08,Mumbai,Driver,Web,Control,Trip Completed,30.0,12.0,18.0,5.41,40.0,41.11,1690.45,1265.74,4.2
EVT-00634,2025-03-08,Mumbai,Rider,Partner,Control,Trip Completed,27.0,10.0,17.0,15.22,37.04,83.31,1992.19,1072.61,3.8
EVT-00645,2025-03-09,Kolkata,Rider,Partner,Control,Trip Cancelled,22.0,18.0,4.0,8.27,81.82,65.37,1871.22,915.16,3.3
EVT-00431,2025-03-09,Chennai,Rider,Web,Pilot,Driver Online,14.0,8.0,6.0,1.62,57.14,60.42,1278.53,970.96,3.3
EVT-00444,2025-03-09,Delhi,Rider,App,Control,Trip Cancelled,11.0,4.0,7.0,10.52,36.36,90.72,1073.43,662.61,3.0
EVT-00194,2025-03-10,Delhi,Rider,App,Pilot,Driver Online,26.0,4.0,22.0,17.56,15.38,56.22,723.23,585.17,2.8
EVT-00180,2025-03-10,Pune,Driver,App,Pilot,Trip Completed,5.0,3.0,2.0,3.7,60.0,40.08,982.5,587.76,3.6
EVT-00480,2025-03-10,Mumbai,Rider,Web,Pilot,Trip Cancelled,19.0,3.0,16.0,10.77,15.79,42.05,861.7,546.5,4.5
EVT-00065,2025-03-10,Chennai,Driver,Web,Pilot,Driver Online,9.0,1.0,8.0,4.49,11.11,39.19,331.98,211.55,4.6
EVT-00621,2025-03-11,Kolkata,Rider,Partner,Control,Rider Request,11.0,6.0,5.0,2.69,54.55,92.27,2433.84,946.41,3.8
EVT-00493,2025-03-11,Mumbai,Rider,Web,Pilot,Rider Request,22.0,9.0,13.0,3.46,40.91,39.34,2199.66,1011.94,3.1
EVT-00499,2025-03-12,Pune,Driver,Web,Pilot,Trip Cancelled,34.0,15.0,19.0,9.16,44.12,43.4,5931.5,4649.41,4.3
EVT-00588,2025-03-12,Chennai,Rider,App,Pilot,Trip Completed,24.0,22.0,2.0,1.93,91.67,48.97,7597.92,3423.53,2.7
EVT-00007,2025-03-12,Delhi,Driver,App,Pilot,Trip Completed,11.0,2.0,9.0,13.16,18.18,80.93,684.46,264.9,3.4
EVT-00397,2025-03-12,Kolkata,Rider,Web,Control,Rider Request,1.0,1.0,0.0,17.11,100.0,88.06,180.85,70.28,2.9
EVT-00200,2025-03-13,Chennai,Rider,Partner,Control,Trip Completed,20.0,16.0,4.0,2.19,80.0,81.61,6274.34,3074.54,4.6
EVT-00066,2025-03-13,Bengaluru,Rider,App,Pilot,Trip Completed,21.0,4.0,17.0,14.94,19.05,76.91,1031.37,546.02,4.7
EVT-00157,2025-03-14,Hyderabad,Driver,Web,Pilot,Driver Online,33.0,3.0,30.0,11.95,9.09,49.42,477.3,219.75,2.9
EVT-00134,2025-03-14,Pune,Rider,Partner,Control,Rider Request,4.0,2.0,2.0,14.83,50.0,83.02,702.51,398.88,4.5
EVT-00318,2025-03-14,Bengaluru,Rider,App,Control,Trip Cancelled,8.0,4.0,4.0,2.53,50.0,56.12,411.14,344.4,4.5
EVT-00101,2025-03-14,Hyderabad,Driver,App,Pilot,Rider Request,3.0,2.0,1.0,3.64,66.67,90.99,809.84,632.54,4.5
EVT-00466,2025-03-14,Kolkata,Rider,App,Control,Rider Request,13.0,8.0,5.0,3.67,61.54,54.51,1188.88,956.35,4.4
EVT-00295,2025-03-15,Kolkata,Driver,App,Pilot,Trip Completed,13.0,5.0,8.0,10.99,38.46,36.39,2006.69,1401.3,3.7
EVT-00151,2025-03-16,Bengaluru,Driver,Web,Pilot,Trip Cancelled,6.0,2.0,4.0,14.47,33.33,71.2,545.27,297.46,3.8
EVT-00237,2025-03-16,Delhi,Driver,App,Pilot,Trip Completed,29.0,25.0,4.0,13.3,86.21,72.39,9613.68,6168.46,3.7
EVT-00590,2025-03-16,Kolkata,Rider,Web,Control,Driver Online,15.0,8.0,7.0,4.07,53.33,49.22,1216.09,907.53,3.0
EVT-00517,2025-03-16,Mumbai,Driver,Partner,Control,Trip Completed,7.0,2.0,5.0,9.05,28.57,51.31,757.55,339.64,4.9
EVT-00575,2025-03-16,Delhi,Driver,App,Control,Trip Completed,7.0,7.0,0.0,3.96,100.0,83.88,1623.35,931.4,4.9
EVT-00253,2025-03-16,Pune,Driver,Partner,Pilot,Driver Online,16.0,3.0,13.0,17.2,18.75,97.67,965.96,811.96,3.9
EVT-00325,2025-03-17,Hyderabad,Driver,Partner,Control,Trip Completed,18.0,15.0,3.0,6.92,83.33,63.6,5088.48,2101.55,3.0
EVT-00213,2025-03-17,Mumbai,Rider,Partner,Control,Trip Completed,29.0,8.0,21.0,12.17,27.59,90.95,2268.44,1363.51,2.8
EVT-00122,2025-03-17,Delhi,Driver,App,Control,Driver Online,20.0,4.0,16.0,7.21,20.0,58.38,1663.2,615.47,4.7
EVT-00465,2025-03-17,Mumbai,Rider,Web,Pilot,Trip Cancelled,2.0,2.0,0.0,12.77,100.0,93.75,551.45,227.78,4.0
EVT-00304,2025-03-17,Mumbai,Rider,App,Control,Trip Completed,2.0,1.0,1.0,15.83,50.0,80.63,333.56,209.8,4.0
EVT-00473,2025-03-17,Hyderabad,Rider,Web,Pilot,Trip Completed,26.0,16.0,10.0,8.1,61.54,38.62,4453.19,3527.69,2.9
EVT-00265,2025-03-17,Chennai,Rider,Partner,Control,Trip Completed,13.0,6.0,7.0,11.56,46.15,91.45,2148.77,1023.69,3.2
EVT-00270,2025-03-17,Kolkata,Rider,Partner,Pilot,Trip Completed,26.0,14.0,12.0,9.86,53.85,59.4,5435.28,1946.0,4.5
EVT-00300,2025-03-18,Pune,Driver,Partner,Pilot,Rider Request,29.0,2.0,27.0,5.13,6.9,57.08,413.32,158.86,3.4
EVT-00628,2025-03-18,Mumbai,Driver,Web,Pilot,Trip Completed,19.0,18.0,1.0,8.85,94.74,38.11,4924.33,2665.86,4.4
EVT-00591,2025-03-18,Pune,Rider,App,Pilot,Driver Online,8.0,4.0,4.0,10.65,50.0,91.8,1579.62,560.05,2.7
EVT-00597,2025-03-18,Bengaluru,Rider,Web,Pilot,Trip Completed,30.0,2.0,28.0,5.99,6.67,42.4,331.36,268.53,4.0
EVT-00360,2025-03-18,Hyderabad,Rider,Web,Pilot,Trip Completed,27.0,14.0,13.0,5.98,51.85,91.97,2903.68,1814.61,2.6
EVT-00203,2025-03-19,Chennai,Rider,Partner,Control,Rider Request,22.0,8.0,14.0,17.82,36.36,74.45,2085.18,1603.66,3.2
EVT-00139,2025-03-19,Pune,Driver,App,Pilot,Trip Completed,28.0,2.0,26.0,11.09,7.14,40.65,647.99,356.36,4.9
EVT-00439,2025-03-19,Pune,Driver,Partner,Control,Trip Completed,34.0,32.0,2.0,16.98,94.12,92.81,12215.66,8095.52,4.5
EVT-00613,2025-03-20,Mumbai,Driver,App,Control,Trip Cancelled,22.0,11.0,11.0,8.59,50.0,53.1,3635.61,2096.69,5.0
EVT-00446,2025-03-20,Bengaluru,Rider,App,Control,Trip Completed,26.0,24.0,2.0,12.91,92.31,51.49,7013.8,5363.4,3.0
EVT-00113,2025-03-20,Bengaluru,Driver,Web,Control,Trip Cancelled,24.0,2.0,22.0,4.56,8.33,64.11,160.84,104.41,4.0
EVT-00154,2025-03-21,Chennai,Driver,App,Pilot,Rider Request,6.0,0.0,6.0,12.49,0.0,42.67,0.0,0.0,3.1
EVT-00519,2025-03-21,Mumbai,Rider,App,Pilot,Trip Completed,24.0,10.0,14.0,13.61,41.67,87.92,2652.94,1043.64,3.1
EVT-00127,2025-03-21,Mumbai,Rider,Web,Control,Trip Completed,5.0,3.0,2.0,11.2,60.0,94.76,497.58,263.53,3.4
EVT-00255,2025-03-21,Mumbai,Driver,Partner,Pilot,Rider Request,30.0,3.0,27.0,5.58,10.0,75.36,919.93,396.81,3.9
EVT-00326,2025-03-22,Delhi,Rider,Web,Control,Trip Cancelled,26.0,13.0,13.0,12.14,50.0,49.48,3482.77,1867.07,4.2
EVT-00332,2025-03-22,Bengaluru,Driver,Partner,Control,Trip Cancelled,31.0,20.0,11.0,2.33,64.52,37.2,5347.89,3043.43,4.6
EVT-00379,2025-03-22,Mumbai,Rider,Web,Control,Driver Online,33.0,2.0,31.0,13.69,6.06,77.0,241.3,153.54,3.1
EVT-00559,2025-03-22,Bengaluru,Rider,Web,Control,Trip Completed,12.0,3.0,9.0,10.93,25.0,55.89,977.52,590.3,3.7
EVT-00484,2025-03-22,Pune,Driver,Partner,Control,Trip Completed,20.0,8.0,12.0,1.73,40.0,51.23,1863.85,1298.09,4.3
EVT-00093,2025-03-23,Kolkata,Driver,Partner,Pilot,Trip Cancelled,17.0,13.0,4.0,11.34,76.47,49.49,1572.91,611.04,4.2
EVT-00161,2025-03-23,Bengaluru,Rider,App,Pilot,Trip Completed,21.0,9.0,12.0,16.22,42.86,95.19,3127.92,1588.06,4.2
EVT-00121,2025-03-23,Chennai,Driver,Partner,Pilot,Rider Request,3.0,3.0,0.0,4.79,100.0,77.85,313.64,114.58,3.1
EVT-00183,2025-03-23,Mumbai,Rider,App,Pilot,Trip Completed,27.0,6.0,21.0,2.93,22.22,49.92,1974.2,1232.22,2.8
EVT-00038,2025-03-24,Mumbai,Rider,App,Pilot,Trip Cancelled,21.0,3.0,18.0,17.11,14.29,84.22,355.73,290.09,4.9
EVT-00471,2025-03-24,Chennai,Rider,Web,Pilot,Rider Request,18.0,15.0,3.0,13.34,83.33,96.53,3123.73,2345.67,3.6
EVT-00201,2025-03-24,Chennai,Rider,Partner,Control,Driver Online,20.0,12.0,8.0,17.39,60.0,66.57,2203.38,1684.92,3.2
EVT-00567,2025-03-24,Chennai,Driver,Partner,Pilot,Trip Completed,2.0,1.0,1.0,15.75,50.0,56.48,385.83,316.55,4.2
EVT-00329,2025-03-25,Kolkata,Rider,Web,Control,Trip Cancelled,20.0,19.0,1.0,13.88,95.0,44.58,4480.77,2355.14,2.7
EVT-00477,2025-03-25,Kolkata,Rider,App,Pilot,Trip Cancelled,13.0,2.0,11.0,6.53,15.38,47.14,247.77,123.62,4.5
EVT-00114,2025-03-25,Hyderabad,Rider,Web,Pilot,Trip Completed,22.0,21.0,1.0,6.88,95.45,72.19,4773.38,4020.02,2.9
EVT-00085,2025-03-26,Mumbai,Driver,App,Pilot,Trip Cancelled,25.0,5.0,20.0,15.19,20.0,48.0,418.69,175.2,4.8
EVT-00550,2025-03-26,Bengaluru,Rider,Web,Pilot,Trip Completed,16.0,6.0,10.0,6.83,37.5,69.28,1605.49,848.15,3.6
EVT-00191,2025-03-26,Kolkata,Rider,Partner,Pilot,Rider Request,18.0,9.0,9.0,8.89,50.0,70.14,1228.06,806.51,3.4
EVT-00510,2025-03-26,Hyderabad,Driver,Web,Control,Trip Cancelled,29.0,15.0,14.0,11.11,51.72,78.08,5040.91,3597.83,4.7
EVT-00173,2025-03-27,Mumbai,Driver,Web,Pilot,Driver Online,14.0,8.0,6.0,17.31,57.14,58.18,1529.25,649.08,3.3
EVT-00011,2025-03-27,Hyderabad,Driver,Web,Control,Trip Cancelled,6.0,3.0,3.0,14.76,50.0,46.75,1150.41,712.88,4.5
EVT-00252,2025-03-27,Chennai,Driver,Web,Pilot,Trip Completed,30.0,2.0,28.0,4.23,6.67,63.07,302.25,113.34,4.6
EVT-00256,2025-03-27,Pune,Driver,App,Control,Driver Online,28.0,27.0,1.0,5.27,96.43,74.96,4198.66,2144.82,4.6
EVT-00298,2025-03-27,Delhi,Rider,Partner,Pilot,Trip Cancelled,29.0,18.0,11.0,15.04,62.07,60.49,4404.19,1570.9,3.5
EVT-00335,2025-03-27,Mumbai,Driver,App,Control,Trip Completed,8.0,8.0,0.0,6.17,100.0,61.37,1435.64,740.94,3.2
EVT-00141,2025-03-27,Kolkata,Driver,App,Pilot,Trip Cancelled,13.0,6.0,7.0,12.03,46.15,67.46,1690.82,1262.83,4.1
EVT-00558,2025-03-27,Pune,Driver,Web,Control,Rider Request,28.0,13.0,15.0,8.93,46.43,47.9,3544.01,2391.4,3.3
EVT-00221,2025-03-28,Chennai,Driver,Web,Control,Rider Request,13.0,10.0,3.0,17.36,76.92,59.54,2110.74,1097.99,3.9
EVT-00198,2025-03-28,Kolkata,Rider,Web,Pilot,Trip Completed,21.0,2.0,19.0,14.09,9.52,60.72,676.29,542.25,3.1
EVT-00163,2025-03-28,Pune,Rider,App,Control,Trip Cancelled,8.0,7.0,1.0,2.9,87.5,80.13,731.56,282.11,2.5
EVT-00378,2025-03-28,Bengaluru,Rider,Partner,Control,Trip Completed,26.0,15.0,11.0,17.93,57.69,71.71,5343.62,2743.79,3.3
EVT-00384,2025-03-29,Delhi,Rider,App,Control,Trip Completed,4.0,2.0,2.0,16.86,50.0,77.59,368.92,197.38,3.9
EVT-00116,2025-03-29,Delhi,Rider,App,Control,Trip Completed,22.0,19.0,3.0,7.21,86.36,83.88,7600.39,2935.33,3.8
EVT-00135,2025-03-29,Chennai,Driver,Partner,Pilot,Trip Completed,12.0,9.0,3.0,8.04,75.0,78.81,1908.99,1096.42,3.1
EVT-00002,2025-03-29,Hyderabad,Driver,Web,Pilot,Rider Request,33.0,11.0,22.0,11.59,33.33,35.45,966.25,591.72,3.5
EVT-00410,2025-03-30,Pune,Rider,Web,Control,Trip Completed,31.0,9.0,22.0,14.25,29.03,80.04,2491.67,890.28,3.4
EVT-00409,2025-03-30,Mumbai,Rider,Partner,Control,Trip Cancelled,9.0,0.0,9.0,6.9,0.0,45.37,0.0,0.0,3.5
EVT-00030,2025-03-30,Pune,Rider,App,Control,Driver Online,5.0,5.0,0.0,13.55,100.0,38.01,1362.26,584.85,2.8
EVT-00371,2025-03-30,Mumbai,Driver,App,Pilot,Trip Completed,32.0,19.0,13.0,9.46,59.38,83.98,5866.59,4177.76,3.7
EVT-00067,2025-03-30,Mumbai,Driver,Partner,Control,Rider Request,33.0,22.0,11.0,8.74,66.67,71.38,4418.11,2411.14,3.8
EVT-00035,2025-03-31,Chennai,Driver,Partner,Pilot,Trip Completed,11.0,7.0,4.0,13.63,63.64,85.62,1231.24,540.17,4.4
EVT-00140,2025-03-31,Delhi,Driver,Partner,Pilot,Rider Request,13.0,6.0,7.0,6.37,46.15,84.98,857.87,693.91,3.6
EVT-00500,2025-04-01,Chennai,Driver,Web,Control,Driver Online,25.0,14.0,11.0,12.12,56.0,87.56,3868.2,2604.09,3.6
EVT-00512,2025-04-01,Pune,Driver,App,Control,Trip Cancelled,28.0,7.0,21.0,13.74,25.0,77.54,1050.0,552.55,2.8
EVT-00649,2025-04-02,Pune,Rider,Partner,Control,Trip Completed,6.0,5.0,1.0,5.83,83.33,50.23,1221.12,968.86,3.4
EVT-00012,2025-04-02,Delhi,Rider,Web,Pilot,Trip Completed,13.0,8.0,5.0,6.53,61.54,45.37,2092.72,1239.76,4.2
EVT-00368,2025-04-02,Delhi,Rider,App,Control,Trip Completed,24.0,3.0,21.0,3.2,12.5,42.94,1238.73,850.91,4.6
EVT-00016,2025-04-03,Bengaluru,Driver,Partner,Pilot,Driver Online,19.0,19.0,0.0,12.15,100.0,45.99,5983.46,3251.22,4.8
EVT-00259,2025-04-03,Hyderabad,Rider,Partner,Pilot,Rider Request,1.0,1.0,0.0,15.98,100.0,96.39,89.36,68.8,4.4
EVT-00315,2025-04-03,Chennai,Driver,Web,Pilot,Driver Online,15.0,11.0,4.0,9.01,73.33,78.2,4284.2,2868.34,4.9
EVT-00099,2025-04-03,Kolkata,Driver,App,Control,Trip Completed,34.0,25.0,9.0,2.11,73.53,95.31,9022.75,6770.53,4.1
EVT-00504,2025-04-03,Chennai,Rider,Web,Pilot,Rider Request,3.0,3.0,0.0,6.11,100.0,93.63,265.14,185.16,4.3
EVT-00366,2025-04-05,Kolkata,Driver,Partner,Pilot,Trip Completed,21.0,18.0,3.0,17.76,85.71,83.38,4098.29,2349.23,4.0
EVT-00355,2025-04-06,Hyderabad,Rider,App,Control,Trip Completed,22.0,5.0,17.0,8.77,22.73,43.34,1049.83,692.54,3.6
EVT-00165,2025-04-06,Mumbai,Driver,Partner,Pilot,Rider Request,31.0,7.0,24.0,14.19,22.58,74.35,1469.02,665.24,2.8
EVT-00010,2025-04-06,Kolkata,Rider,App,Pilot,Rider Request,23.0,6.0,17.0,8.27,26.09,82.6,946.75,367.8,3.2
EVT-00123,2025-04-06,Delhi,Driver,Web,Control,Trip Cancelled,2.0,2.0,0.0,16.36,100.0,61.57,348.24,225.02,4.8
EVT-00338,2025-04-07,Kolkata,Driver,Web,Control,Trip Completed,9.0,7.0,2.0,11.32,77.78,44.48,2864.02,1642.11,3.8
EVT-00022,2025-04-07,Hyderabad,Rider,App,Pilot,Driver Online,19.0,3.0,16.0,1.9,15.79,75.66,420.65,345.03,4.9
EVT-00615,2025-04-08,Kolkata,Rider,Web,Pilot,Trip Completed,1.0,0.0,1.0,9.21,0.0,52.99,0.0,0.0,2.7
EVT-00576,2025-04-08,Pune,Rider,Partner,Pilot,Rider Request,17.0,1.0,16.0,9.25,5.88,63.69,277.93,146.85,2.9
EVT-00224,2025-04-09,Hyderabad,Driver,Web,Control,Trip Cancelled,21.0,7.0,14.0,2.15,33.33,64.96,1852.4,859.28,4.9
EVT-00311,2025-04-09,Bengaluru,Driver,App,Control,Trip Cancelled,25.0,3.0,22.0,17.85,12.0,82.67,691.14,486.35,3.5
EVT-00110,2025-04-09,Pune,Rider,Partner,Pilot,Driver Online,11.0,3.0,8.0,15.36,27.27,83.69,474.65,197.3,4.7
EVT-00413,2025-04-09,Pune,Rider,Web,Control,Trip Cancelled,12.0,4.0,8.0,5.44,33.33,82.76,1353.61,685.33,3.5
EVT-00555,2025-04-10,Chennai,Rider,Partner,Pilot,Trip Completed,15.0,12.0,3.0,10.4,80.0,39.88,1033.56,414.63,3.5
EVT-00268,2025-04-11,Chennai,Rider,App,Control,Trip Completed,17.0,8.0,9.0,8.91,47.06,45.02,1130.13,451.05,4.5
EVT-00635,2025-04-11,Kolkata,Driver,Web,Pilot,Trip Completed,26.0,1.0,25.0,13.2,3.85,36.33,92.38,74.02,2.7
EVT-00032,2025-04-11,Kolkata,Driver,Web,Control,Trip Completed,31.0,9.0,22.0,11.83,29.03,66.7,3340.86,2269.6,2.9
EVT-00346,2025-04-11,Kolkata,Rider,App,Pilot,Driver Online,21.0,14.0,7.0,15.04,66.67,65.07,2789.9,1482.22,4.5
EVT-00445,2025-04-11,Pune,Driver,App,Pilot,Driver Online,31.0,3.0,28.0,17.21,9.68,81.49,849.38,671.39,2.6
EVT-00344,2025-04-12,Pune,Rider,App,Control,Driver Online,30.0,10.0,20.0,10.28,33.33,41.51,1386.58,879.07,3.2
EVT-00417,2025-04-12,Hyderabad,Rider,Web,Pilot,Trip Completed,8.0,1.0,7.0,6.73,12.5,85.96,377.67,189.3,4.6
EVT-00552,2025-04-13,Delhi,Rider,App,Control,Rider Request,15.0,12.0,3.0,15.57,80.0,47.49,4527.54,2382.68,4.3
EVT-00592,2025-04-13,Bengaluru,Driver,Partner,Control,Trip Completed,19.0,3.0,16.0,4.61,15.79,85.71,1226.67,594.08,3.7
EVT-00488,2025-04-13,Hyderabad,Driver,Web,Control,Trip Completed,28.0,17.0,11.0,12.3,60.71,89.97,2771.17,1593.57,4.8
EVT-00001,2025-04-13,Hyderabad,Rider,Partner,Control,Trip Cancelled,19.0,10.0,9.0,9.08,52.63,56.02,1285.75,868.45,2.6
EVT-00051,2025-04-13,Chennai,Driver,Web,Pilot,Trip Cancelled,30.0,14.0,16.0,8.72,46.67,91.96,2777.7,1686.05,4.5
EVT-00343,2025-04-14,Kolkata,Driver,Partner,Pilot,Trip Cancelled,8.0,6.0,2.0,5.69,75.0,84.14,681.42,264.28,3.4
EVT-00336,2025-04-14,Bengaluru,Rider,Partner,Control,Driver Online,28.0,1.0,27.0,11.72,3.57,72.78,252.15,132.43,4.8
EVT-00584,2025-04-14,Delhi,Rider,Partner,Control,Rider Request,7.0,1.0,6.0,8.6,14.29,55.18,388.26,173.02,4.0
EVT-00250,2025-04-14,Hyderabad,Rider,Partner,Control,Trip Completed,24.0,21.0,3.0,9.25,87.5,91.08,6733.13,2566.01,2.9
EVT-00340,2025-04-15,Pune,Driver,Web,Control,Rider Request,20.0,11.0,9.0,16.5,55.0,54.77,3464.55,1683.14,3.0
EVT-00515,2025-04-15,Kolkata,Rider,Web,Control,Trip Completed,26.0,12.0,14.0,4.99,46.15,44.09,4056.63,2435.23,4.8
EVT-00612,2025-04-15,Chennai,Rider,Web,Control,Trip Completed,33.0,5.0,28.0,2.56,15.15,96.27,1324.85,834.52,3.8
EVT-00429,2025-04-15,Kolkata,Driver,Web,Pilot,Trip Completed,24.0,23.0,1.0,11.81,95.83,40.11,5376.22,3868.44,4.2
EVT-00614,2025-04-16,Kolkata,Driver,App,Pilot,Trip Cancelled,4.0,3.0,1.0,13.53,75.0,90.11,1197.49,901.17,4.6
EVT-00324,2025-04-16,Kolkata,Rider,Partner,Pilot,Trip Cancelled,32.0,8.0,24.0,17.02,25.0,36.0,2061.91,1207.11,4.1
EVT-00600,2025-04-16,Delhi,Driver,Web,Pilot,Driver Online,11.0,11.0,0.0,10.67,100.0,79.07,2420.95,1014.86,4.2
EVT-00220,2025-04-17,Bengaluru,Driver,Partner,Pilot,Driver Online,15.0,4.0,11.0,6.27,26.67,91.71,477.95,395.72,3.3
EVT-00128,2025-04-17,Pune,Rider,App,Pilot,Driver Online,28.0,14.0,14.0,15.83,50.0,47.97,1652.74,801.37,2.6
EVT-00646,2025-04-17,Mumbai,Rider,Web,Pilot,Driver Online,23.0,21.0,2.0,13.69,91.3,89.61,6151.49,4210.86,2.8
EVT-00216,2025-04-17,Mumbai,Driver,Partner,Pilot,Trip Cancelled,30.0,27.0,3.0,5.23,90.0,59.21,6292.13,4024.66,4.4
EVT-00288,2025-04-17,Chennai,Driver,Partner,Pilot,Driver Online,1.0,1.0,0.0,4.13,100.0,45.11,103.97,46.04,4.2
EVT-00564,2025-04-18,Delhi,Rider,Web,Control,Trip Cancelled,31.0,14.0,17.0,7.75,45.16,88.12,4186.45,2827.37,4.7
EVT-00511,2025-04-19,Chennai,Rider,Web,Control,Trip Completed,29.0,15.0,14.0,10.17,51.72,41.9,2234.55,1897.49,3.9
EVT-00060,2025-04-19,Chennai,Rider,App,Pilot,Trip Completed,6.0,5.0,1.0,5.56,83.33,45.12,717.16,353.24,2.9
EVT-00070,2025-04-19,Hyderabad,Driver,Partner,Control,Trip Completed,4.0,3.0,1.0,14.24,75.0,35.77,850.41,538.1,4.3
EVT-00478,2025-04-19,Hyderabad,Rider,App,Pilot,Trip Completed,34.0,1.0,33.0,7.16,2.94,97.25,244.98,107.69,4.7
EVT-00057,2025-04-19,Mumbai,Driver,Partner,Pilot,Driver Online,23.0,13.0,10.0,13.87,56.52,36.92,4873.09,2568.48,3.5
EVT-00289,2025-04-19,Kolkata,Driver,Partner,Pilot,Trip Completed,4.0,3.0,1.0,5.62,75.0,67.45,786.26,415.49,3.4
EVT-00428,2025-04-20,Delhi,Driver,Partner,Control,Trip Completed,24.0,3.0,21.0,9.95,12.5,56.98,622.32,411.15,4.3
EVT-00308,2025-04-20,Bengaluru,Driver,Partner,Control,Rider Request,18.0,1.0,17.0,13.84,5.56,86.2,320.32,267.03,4.6
EVT-00049,2025-04-20,Delhi,Rider,App,Control,Trip Completed,32.0,27.0,5.0,5.93,84.38,36.4,6733.16,3959.81,4.6
EVT-00306,2025-04-20,Pune,Rider,Partner,Pilot,Driver Online,15.0,14.0,1.0,14.34,93.33,82.93,2013.56,793.73,4.2
EVT-00412,2025-04-21,Mumbai,Rider,App,Pilot,Driver Online,31.0,8.0,23.0,16.02,25.81,38.1,1268.54,1013.17,3.1
EVT-00072,2025-04-21,Hyderabad,Rider,App,Control,Driver Online,28.0,25.0,3.0,2.64,89.29,66.6,2886.1,2222.93,4.8
EVT-00568,2025-04-21,Mumbai,Rider,App,Control,Rider Request,8.0,4.0,4.0,11.76,50.0,73.23,1475.28,915.56,4.5
EVT-00119,2025-04-21,Bengaluru,Rider,Partner,Control,Trip Cancelled,6.0,1.0,5.0,14.43,16.67,65.3,93.86,40.55,3.6
EVT-00279,2025-04-21,Mumbai,Driver,App,Pilot,Rider Request,15.0,10.0,5.0,12.65,66.67,79.52,2874.03,1455.56,3.2
EVT-00546,2025-04-22,Kolkata,Driver,App,Pilot,Trip Completed,13.0,11.0,2.0,7.38,84.62,84.7,1754.0,1174.48,3.1
EVT-00187,2025-04-22,Delhi,Driver,Web,Pilot,Trip Completed,22.0,11.0,11.0,2.53,50.0,67.29,3895.95,2258.17,2.6
EVT-00274,2025-04-23,Hyderabad,Driver,App,Pilot,Trip Completed,17.0,5.0,12.0,7.01,29.41,81.16,1087.7,417.87,4.5
EVT-00616,2025-04-23,Mumbai,Rider,Web,Pilot,Trip Completed,31.0,16.0,15.0,13.7,51.61,61.86,3095.35,1573.16,4.4
EVT-00037,2025-04-23,Chennai,Driver,App,Pilot,Rider Request,12.0,12.0,0.0,16.44,100.0,40.75,2262.8,1866.88,4.9
EVT-00209,2025-04-23,Chennai,Driver,Partner,Control,Trip Completed,21.0,20.0,1.0,10.94,95.24,67.3,3595.72,2933.66,3.5
EVT-00530,2025-04-24,Bengaluru,Rider,App,Pilot,Trip Cancelled,9.0,2.0,7.0,15.55,22.22,89.42,436.61,319.24,2.9
EVT-00580,2025-04-24,Hyderabad,Driver,App,Control,Trip Cancelled,8.0,5.0,3.0,8.33,62.5,53.85,1671.78,759.22,3.0
EVT-00441,2025-04-25,Kolkata,Rider,Web,Control,Rider Request,16.0,8.0,8.0,10.18,50.0,82.84,2578.45,1151.48,3.7
EVT-00376,2025-04-26,Kolkata,Driver,Partner,Pilot,Rider Request,31.0,2.0,29.0,7.38,6.45,51.03,168.77,104.66,4.6
EVT-00219,2025-04-26,Hyderabad,Driver,App,Pilot,Trip Completed,5.0,5.0,0.0,1.95,100.0,66.84,2038.83,1105.26,2.6
EVT-00358,2025-04-26,Mumbai,Driver,Partner,Pilot,Driver Online,22.0,12.0,10.0,6.53,54.55,51.66,2101.96,1027.56,2.6
EVT-00225,2025-04-27,Mumbai,Rider,Web,Pilot,Rider Request,21.0,21.0,0.0,14.54,100.0,42.86,7350.66,3586.27,4.7
EVT-00641,2025-04-27,Mumbai,Rider,App,Pilot,Rider Request,33.0,25.0,8.0,13.68,75.76,56.14,8503.41,4816.19,3.7
EVT-00407,2025-04-27,Hyderabad,Rider,App,Pilot,Trip Completed,6.0,2.0,4.0,6.21,33.33,81.28,176.28,113.24,4.9
EVT-00408,2025-04-27,Bengaluru,Rider,Partner,Control,Trip Cancelled,24.0,12.0,12.0,5.68,50.0,75.45,2084.19,1244.8,2.8
EVT-00533,2025-04-27,Chennai,Driver,App,Control,Trip Cancelled,1.0,0.0,1.0,10.84,0.0,92.76,0.0,0.0,4.3
EVT-00023,2025-04-27,Chennai,Rider,App,Control,Trip Completed,31.0,2.0,29.0,17.68,6.45,39.75,367.87,163.87,3.2
EVT-00177,2025-04-27,Kolkata,Driver,Partner,Pilot,Trip Completed,33.0,17.0,16.0,7.63,51.52,38.94,5991.9,4393.83,4.3
EVT-00443,2025-04-27,Chennai,Rider,App,Pilot,Trip Completed,33.0,16.0,17.0,5.32,48.48,88.48,3441.16,1626.9,4.5
EVT-00178,2025-04-28,Pune,Rider,App,Control,Trip Cancelled,27.0,14.0,13.0,8.26,51.85,87.91,2947.04,1874.13,4.0
EVT-00498,2025-04-28,Pune,Rider,Partner,Pilot,Trip Cancelled,7.0,4.0,3.0,10.89,57.14,74.8,1025.5,385.16,3.1
EVT-00058,2025-04-29,Pune,Driver,Web,Control,Rider Request,22.0,11.0,11.0,5.35,50.0,56.6,2652.65,1399.41,4.1
EVT-00097,2025-04-30,Chennai,Driver,Web,Pilot,Trip Completed,1.0,0.0,1.0,17.8,0.0,61.95,0.0,0.0,3.0
EVT-00234,2025-04-30,Chennai,Rider,Partner,Pilot,Trip Cancelled,1.0,0.0,1.0,12.07,0.0,96.68,0.0,0.0,4.1
EVT-00214,2025-05-01,Kolkata,Driver,Partner,Control,Trip Completed,2.0,0.0,2.0,2.6,0.0,68.64,0.0,0.0,3.6
EVT-00650,2025-05-02,Bengaluru,Driver,Web,Control,Driver Online,18.0,11.0,7.0,8.06,61.11,55.46,4550.61,1899.3,3.3
EVT-00142,2025-05-02,Delhi,Rider,Web,Control,Trip Completed,26.0,26.0,0.0,14.38,100.0,52.31,9351.91,5254.55,4.2
EVT-00589,2025-05-02,Bengaluru,Rider,Partner,Control,Driver Online,13.0,6.0,7.0,7.26,46.15,93.16,901.55,709.57,2.6
EVT-00562,2025-05-03,Mumbai,Driver,Web,Control,Driver Online,8.0,3.0,5.0,7.29,37.5,83.69,1059.23,451.98,3.4
EVT-00541,2025-05-03,Mumbai,Driver,Partner,Control,Driver Online,22.0,22.0,0.0,15.53,100.0,53.22,8882.91,3330.47,2.9
EVT-00015,2025-05-03,Delhi,Rider,Web,Pilot,Trip Cancelled,6.0,5.0,1.0,10.34,83.33,40.69,1820.01,928.91,3.0
EVT-00393,2025-05-03,Mumbai,Driver,App,Pilot,Trip Completed,2.0,2.0,0.0,11.92,100.0,84.42,567.02,315.87,4.9
EVT-00642,2025-05-04,Bengaluru,Driver,App,Control,Trip Cancelled,15.0,9.0,6.0,2.92,60.0,40.73,3545.06,2462.54,2.8
EVT-00208,2025-05-04,Mumbai,Rider,App,Pilot,Trip Cancelled,14.0,2.0,12.0,8.88,14.29,64.88,561.79,347.47,4.6
EVT-00387,2025-05-05,Mumbai,Driver,Partner,Pilot,Trip Completed,34.0,3.0,31.0,13.62,8.82,48.16,299.74,187.69,4.0
EVT-00345,2025-05-05,Chennai,Driver,Web,Control,Trip Completed,21.0,14.0,7.0,3.88,66.67,42.29,1249.71,764.56,3.0
EVT-00419,2025-05-06,Mumbai,Driver,Partner,Pilot,Trip Completed,26.0,15.0,11.0,6.93,57.69,76.73,5034.31,3805.8,4.9
EVT-00433,2025-05-06,Pune,Rider,App,Pilot,Driver Online,30.0,15.0,15.0,13.2,50.0,97.61,2804.61,1926.79,4.6
EVT-00266,2025-05-06,Bengaluru,Rider,Web,Pilot,Trip Completed,22.0,20.0,2.0,10.45,90.91,44.42,4188.69,2334.08,4.4
EVT-00053,2025-05-06,Bengaluru,Rider,Partner,Pilot,Trip Completed,16.0,10.0,6.0,8.4,62.5,75.38,1418.39,741.58,4.7
EVT-00111,2025-05-06,Hyderabad,Driver,App,Control,Trip Completed,20.0,7.0,13.0,14.04,35.0,62.86,930.32,474.81,4.3
EVT-00403,2025-05-06,Delhi,Rider,Web,Control,Driver Online,16.0,5.0,11.0,8.15,31.25,67.74,2094.09,874.51,4.2
EVT-00166,2025-05-06,Hyderabad,Driver,App,Control,Trip Cancelled,10.0,4.0,6.0,3.57,40.0,64.88,474.98,281.67,4.8
EVT-00303,2025-05-07,Hyderabad,Driver,App,Pilot,Trip Completed,31.0,2.0,29.0,8.65,6.45,83.78,739.76,459.26,4.4
EVT-00322,2025-05-07,Kolkata,Driver,Web,Control,Driver Online,32.0,4.0,28.0,9.4,12.5,84.18,732.93,370.75,2.5
EVT-00223,2025-05-07,Hyderabad,Rider,Partner,Control,Trip Completed,28.0,23.0,5.0,18.0,82.14,44.48,8227.04,3732.23,4.5
EVT-00351,2025-05-08,Chennai,Rider,Partner,Pilot,Trip Completed,16.0,15.0,1.0,2.19,93.75,61.41,2057.84,1625.0,3.9
EVT-00637,2025-05-08,Delhi,Driver,Web,Control,Trip Completed,12.0,1.0,11.0,17.95,8.33,44.68,373.41,180.36,4.0
EVT-00426,2025-05-08,Delhi,Rider,App,Pilot,Trip Completed,4.0,4.0,0.0,12.4,100.0,82.02,743.74,574.78,3.1
EVT-00017,2025-05-09,Bengaluru,Driver,App,Pilot,Rider Request,30.0,9.0,21.0,5.76,30.0,76.58,3220.7,2021.31,3.8
EVT-00442,2025-05-10,Kolkata,Driver,Web,Control,Trip Completed,23.0,21.0,2.0,2.69,91.3,71.27,7775.09,5540.87,3.4
EVT-00014,2025-05-10,Hyderabad,Driver,Partner,Pilot,Rider Request,19.0,1.0,18.0,10.26,5.26,63.21,267.98,173.21,2.7
EVT-00372,2025-05-10,Kolkata,Rider,Web,Pilot,Driver Online,28.0,19.0,9.0,10.8,67.86,66.52,1968.29,777.35,4.0
EVT-00415,2025-05-10,Delhi,Rider,Web,Control,Trip Completed,6.0,2.0,4.0,6.65,33.33,61.93,598.75,432.66,3.1
EVT-00064,2025-05-10,Pune,Driver,Web,Pilot,Trip Completed,9.0,0.0,9.0,3.43,0.0,64.81,0.0,0.0,2.8
EVT-00159,2025-05-10,Chennai,Rider,App,Pilot,Trip Completed,10.0,6.0,4.0,3.76,60.0,68.72,919.01,327.22,3.1
EVT-00585,2025-05-11,Bengaluru,Driver,Web,Control,Driver Online,30.0,16.0,14.0,17.15,53.33,65.67,5100.65,3958.03,3.4
EVT-00647,2025-05-11,Bengaluru,Rider,App,Control,Trip Completed,32.0,14.0,18.0,13.94,43.75,48.8,3228.87,2127.52,4.4
EVT-00610,2025-05-12,Pune,Driver,App,Control,Trip Completed,24.0,1.0,23.0,3.86,4.17,83.15,348.59,233.43,4.6
EVT-00172,2025-05-12,Bengaluru,Driver,Web,Control,Trip Completed,21.0,13.0,8.0,11.66,61.9,46.85,2610.8,1936.94,3.9
EVT-00164,2025-05-13,Hyderabad,Rider,Web,Pilot,Rider Request,15.0,2.0,13.0,12.41,13.33,46.67,278.39,111.13,4.2
EVT-00501,2025-05-13,Kolkata,Driver,Web,Pilot,Rider Request,31.0,31.0,0.0,10.5,100.0,43.41,9769.92,7303.07,2.9
EVT-00537,2025-05-13,Bengaluru,Rider,App,Control,Driver Online,27.0,27.0,0.0,11.64,100.0,91.23,2881.79,1485.44,3.1
EVT-00105,2025-05-13,Bengaluru,Rider,Web,Pilot,Rider Request,10.0,10.0,0.0,5.27,100.0,92.25,803.81,504.87,4.4
EVT-00260,2025-05-13,Mumbai,Rider,App,Pilot,Driver Online,29.0,3.0,26.0,11.1,10.34,62.51,831.69,505.96,4.4
EVT-00086,2025-05-14,Bengaluru,Driver,Web,Control,Driver Online,7.0,1.0,6.0,16.59,14.29,61.38,210.27,128.15,2.6
EVT-00238,2025-05-14,Pune,Driver,App,Pilot,Rider Request,1.0,0.0,1.0,5.96,0.0,88.09,0.0,0.0,4.7
EVT-00286,2025-05-14,Bengaluru,Rider,Partner,Pilot,Trip Completed,9.0,1.0,8.0,14.49,11.11,63.62,294.28,139.55,4.3
EVT-00522,2025-05-15,Chennai,Rider,Partner,Control,Trip Completed,32.0,9.0,23.0,17.02,28.12,95.03,1452.36,961.54,3.7
EVT-00532,2025-05-15,Mumbai,Driver,App,Pilot,Trip Completed,26.0,4.0,22.0,5.76,15.38,89.62,1230.2,706.19,3.7
EVT-00440,2025-05-15,Delhi,Rider,App,Pilot,Trip Cancelled,10.0,6.0,4.0,15.11,60.0,78.4,1605.95,756.27,3.6
EVT-00182,2025-05-15,Bengaluru,Rider,Web,Pilot,Trip Completed,31.0,9.0,22.0,15.44,29.03,51.89,1198.53,930.71,2.6
EVT-00352,2025-05-16,Kolkata,Rider,Partner,Control,Trip Completed,8.0,6.0,2.0,16.92,75.0,92.73,1776.25,1181.05,3.5
EVT-00579,2025-05-16,Delhi,Driver,Partner,Control,Trip Completed,12.0,10.0,2.0,6.94,83.33,62.76,3713.63,2570.22,4.7
EVT-00573,2025-05-16,Mumbai,Rider,App,Pilot,Driver Online,10.0,8.0,2.0,5.42,80.0,96.67,1690.92,817.78,3.6
EVT-00396,2025-05-16,Kolkata,Driver,Partner,Pilot,Trip Completed,8.0,6.0,2.0,10.09,75.0,97.66,891.76,427.2,2.8
EVT-00262,2025-05-16,Delhi,Driver,Partner,Control,Trip Completed,27.0,3.0,24.0,6.37,11.11,90.41,709.2,281.93,4.6
EVT-00074,2025-05-17,Mumbai,Driver,App,Pilot,Trip Completed,25.0,25.0,0.0,16.68,100.0,56.82,4949.1,3557.17,3.6
EVT-00199,2025-05-17,Bengaluru,Driver,App,Control,Driver Online,6.0,2.0,4.0,1.5,33.33,45.65,425.04,229.42,3.1
EVT-00557,2025-05-17,Bengaluru,Rider,Partner,Control,Trip Completed,14.0,7.0,7.0,4.59,50.0,37.05,2329.18,1657.6,2.8
EVT-00611,2025-05-18,Delhi,Driver,App,Pilot,Driver Online,5.0,0.0,5.0,3.38,0.0,67.65,0.0,0.0,4.9
EVT-00479,2025-05-18,Mumbai,Driver,Partner,Control,Trip Completed,8.0,0.0,8.0,13.39,0.0,52.75,0.0,0.0,2.6
EVT-00254,2025-05-19,Pune,Rider,Web,Control,Trip Completed,18.0,5.0,13.0,4.64,27.78,84.93,1943.43,1597.21,4.9
EVT-00624,2025-05-20,Pune,Rider,Partner,Pilot,Trip Completed,3.0,0.0,3.0,16.85,0.0,59.16,0.0,0.0,4.5
EVT-00437,2025-05-20,Chennai,Driver,App,Control,Trip Completed,6.0,2.0,4.0,7.73,33.33,61.05,187.07,91.1,4.9
EVT-00309,2025-05-20,Bengaluru,Rider,Partner,Control,Driver Online,3.0,0.0,3.0,9.19,0.0,70.98,0.0,0.0,4.9
EVT-00604,2025-05-20,Chennai,Driver,Web,Control,Trip Completed,24.0,13.0,11.0,15.91,54.17,37.62,4711.41,2994.89,4.0
EVT-00239,2025-05-21,Bengaluru,Rider,Web,Pilot,Rider Request,17.0,0.0,17.0,16.85,0.0,88.19,0.0,0.0,3.1
EVT-00394,2025-05-22,Kolkata,Driver,Partner,Control,Trip Cancelled,22.0,4.0,18.0,11.47,18.18,83.11,1031.83,478.14,4.2
EVT-00081,2025-05-22,Kolkata,Rider,Web,Pilot,Trip Completed,23.0,20.0,3.0,1.94,86.96,46.43,5564.68,3120.18,4.7
EVT-00039,2025-05-22,Kolkata,Driver,App,Control,Trip Cancelled,11.0,1.0,10.0,17.48,9.09,78.35,364.57,285.62,4.6
EVT-00373,2025-05-22,Mumbai,Driver,Web,Pilot,Trip Completed,22.0,13.0,9.0,14.45,59.09,97.65,3716.23,1872.77,4.6
EVT-00231,2025-05-23,Pune,Rider,Web,Control,Driver Online,1.0,1.0,0.0,13.05,100.0,41.58,215.69,153.48,3.2
EVT-00227,2025-05-23,Bengaluru,Rider,App,Pilot,Driver Online,14.0,10.0,4.0,8.23,71.43,87.13,3399.39,2164.61,4.9
EVT-00167,2025-05-24,Hyderabad,Driver,Partner,Pilot,Trip Completed,18.0,8.0,10.0,7.64,44.44,62.22,1835.18,1204.74,4.9
EVT-00375,2025-05-24,Delhi,Rider,Partner,Control,Trip Completed,32.0,14.0,18.0,3.06,43.75,87.39,5491.57,3706.23,2.8
EVT-00581,2025-05-25,Kolkata,Rider,Partner,Pilot,Trip Completed,25.0,6.0,19.0,14.07,24.0,66.82,2496.28,1454.43,2.6
EVT-00626,2025-05-25,Chennai,Rider,App,Pilot,Trip Completed,32.0,10.0,22.0,16.8,31.25,75.85,2090.64,1521.0,4.2
EVT-00041,2025-05-25,Kolkata,Rider,App,Control,Trip Completed,31.0,18.0,13.0,14.32,58.06,70.18,12500.0,3241.82,2.8
EVT-00540,2025-05-26,Delhi,Driver,Partner,Pilot,Trip Completed,27.0,9.0,18.0,3.8,33.33,67.77,833.57,325.37,4.2
EVT-00059,2025-05-26,Kolkata,Driver,Partner,Control,Trip Cancelled,19.0,9.0,10.0,6.18,47.37,57.87,2696.51,1713.33,3.4
EVT-00601,2025-05-26,Delhi,Driver,App,Control,Trip Cancelled,10.0,1.0,9.0,13.98,10.0,85.03,248.16,197.88,3.2
EVT-00143,2025-05-26,Bengaluru,Driver,Web,Pilot,Trip Cancelled,34.0,32.0,2.0,5.08,94.12,41.03,2817.19,1890.29,4.0
EVT-00044,2025-05-26,Kolkata,Rider,App,Control,Trip Completed,3.0,3.0,0.0,13.66,100.0,92.66,1217.88,461.49,3.5
EVT-00353,2025-05-26,Mumbai,Rider,App,Pilot,Driver Online,23.0,4.0,19.0,1.63,17.39,94.42,642.52,259.45,4.4
EVT-00523,2025-05-26,Delhi,Driver,App,Pilot,Trip Completed,25.0,14.0,11.0,6.71,56.0,84.86,4359.47,2178.77,3.6
EVT-00566,2025-05-27,Kolkata,Rider,Partner,Pilot,Trip Completed,4.0,2.0,2.0,2.11,50.0,92.81,617.72,522.2,4.7
EVT-00261,2025-05-27,Pune,Driver,Partner,Control,Rider Request,5.0,4.0,1.0,14.09,80.0,86.86,1528.89,951.36,3.0
EVT-00374,2025-05-28,Mumbai,Driver,Partner,Pilot,Driver Online,16.0,4.0,12.0,12.42,25.0,74.92,1127.11,403.64,4.3
EVT-00449,2025-05-28,Kolkata,Rider,Web,Pilot,Trip Completed,7.0,0.0,7.0,13.85,0.0,65.4,0.0,0.0,4.3
EVT-00310,2025-05-29,Bengaluru,Driver,Partner,Pilot,Trip Completed,22.0,5.0,17.0,1.78,22.73,92.75,1600.47,807.4,2.8
EVT-00048,2025-05-29,Kolkata,Driver,App,Pilot,Driver Online,3.0,0.0,3.0,11.15,0.0,80.75,0.0,0.0,3.1
EVT-00091,2025-05-29,Delhi,Rider,App,Control,Rider Request,25.0,17.0,8.0,9.58,68.0,48.94,7068.72,5810.7,2.6
EVT-00169,2025-05-29,Chennai,Driver,Web,Control,Driver Online,32.0,10.0,22.0,6.78,31.25,82.45,1715.73,1063.37,4.3
EVT-00175,2025-05-29,Mumbai,Driver,Web,Pilot,Driver Online,20.0,16.0,4.0,11.21,80.0,65.3,4774.25,1825.8,3.9
EVT-00608,2025-05-30,Mumbai,Driver,Web,Control,Trip Completed,19.0,15.0,4.0,8.72,78.95,49.54,2685.1,1976.59,2.7
EVT-00148,2025-05-30,Hyderabad,Driver,App,Pilot,Driver Online,16.0,9.0,7.0,3.1,56.25,63.37,3033.86,1589.09,4.2
EVT-00293,2025-05-30,Chennai,Rider,Web,Pilot,Trip Completed,14.0,9.0,5.0,7.35,64.29,41.64,1400.43,853.72,4.0
EVT-00269,2025-05-31,Mumbai,Rider,App,Control,Trip Completed,29.0,8.0,21.0,7.2,27.59,56.14,3301.59,2569.52,4.3
EVT-00535,2025-05-31,Kolkata,Driver,Web,Control,Trip Completed,10.0,4.0,6.0,6.49,40.0,38.2,956.89,743.09,4.8
EVT-00605,2025-06-01,Chennai,Driver,Web,Pilot,Driver Online,11.0,2.0,9.0,1.79,18.18,67.57,520.11,286.29,3.2
EVT-00495,2025-06-01,Bengaluru,Rider,Partner,Pilot,Trip Completed,31.0,23.0,8.0,9.85,74.19,84.0,8552.09,6605.91,3.4
EVT-00236,2025-06-01,Kolkata,Driver,Web,Pilot,Trip Completed,23.0,7.0,16.0,5.98,30.43,66.29,1236.57,515.54,4.1
EVT-00487,2025-06-01,Hyderabad,Rider,Partner,Control,Trip Completed,12.0,3.0,9.0,5.43,25.0,49.14,754.59,362.52,2.5
EVT-00339,2025-06-01,Chennai,Driver,Web,Control,Driver Online,10.0,2.0,8.0,16.42,20.0,86.5,674.79,254.94,2.5
EVT-00045,2025-06-01,Hyderabad,Rider,Web,Pilot,Trip Completed,28.0,27.0,1.0,7.45,96.43,51.38,6320.75,2314.39,3.2
EVT-00019,2025-06-01,Hyderabad,Rider,App,Pilot,Rider Request,20.0,2.0,18.0,7.64,10.0,94.23,822.09,404.44,3.3
EVT-00593,2025-06-02,Delhi,Rider,App,Pilot,Trip Completed,28.0,10.0,18.0,7.01,35.71,67.88,2791.22,988.78,4.4
EVT-00089,2025-06-03,Mumbai,Rider,App,Pilot,Driver Online,25.0,10.0,15.0,11.37,40.0,63.96,1058.17,411.5,2.5
EVT-00398,2025-06-03,Chennai,Driver,Web,Pilot,Trip Completed,6.0,6.0,0.0,13.52,100.0,37.96,2373.23,938.78,3.2
EVT-00603,2025-06-03,Kolkata,Driver,Web,Pilot,Trip Completed,34.0,0.0,34.0,14.84,0.0,59.45,0.0,0.0,2.7
EVT-00599,2025-06-04,Mumbai,Rider,App,Pilot,Driver Online,22.0,8.0,14.0,4.79,36.36,58.39,2004.62,1428.76,2.8
EVT-00432,2025-06-04,Chennai,Driver,App,Control,Trip Completed,7.0,2.0,5.0,8.56,28.57,38.87,312.27,166.01,3.6
EVT-00418,2025-06-04,Mumbai,Driver,App,Control,Trip Completed,6.0,4.0,2.0,6.91,66.67,38.39,1230.33,572.89,3.1
EVT-00534,2025-06-04,Delhi,Driver,Web,Pilot,Trip Completed,6.0,5.0,1.0,7.03,83.33,94.99,1306.19,869.62,3.9
EVT-00509,2025-06-04,Chennai,Driver,Web,Control,Trip Completed,25.0,10.0,15.0,7.31,40.0,63.11,3083.64,1594.09,3.1
EVT-00189,2025-06-04,Pune,Rider,Web,Control,Trip Cancelled,2.0,0.0,2.0,3.05,0.0,56.65,0.0,0.0,4.5
EVT-00531,2025-06-04,Mumbai,Rider,Web,Pilot,Trip Completed,29.0,6.0,23.0,13.82,20.69,44.17,2271.08,1100.55,5.0
EVT-00569,2025-06-04,Delhi,Rider,App,Pilot,Trip Completed,17.0,7.0,10.0,17.45,41.18,63.49,899.83,490.15,4.9
EVT-00054,2025-06-04,Pune,Driver,Web,Control,Trip Completed,21.0,4.0,17.0,7.19,19.05,56.9,363.25,226.8,3.8
EVT-00076,2025-06-05,Mumbai,Rider,App,Pilot,Rider Request,20.0,7.0,13.0,9.79,35.0,72.51,719.64,521.72,3.0
EVT-00137,2025-06-05,Pune,Rider,Web,Pilot,Trip Completed,15.0,11.0,4.0,9.37,73.33,59.85,2934.81,2123.15,4.3
EVT-00196,2025-06-05,Mumbai,Driver,App,Pilot,Trip Completed,18.0,10.0,8.0,12.24,55.56,74.12,1998.07,1539.96,3.7
EVT-00648,2025-06-05,Kolkata,Rider,Web,Control,Trip Cancelled,19.0,10.0,9.0,6.75,52.63,81.05,1778.24,1277.72,2.7
EVT-00560,2025-06-05,Chennai,Driver,Web,Control,Driver Online,24.0,5.0,19.0,5.74,20.83,40.83,571.6,256.94,5.0
EVT-00248,2025-06-06,Delhi,Rider,Web,Control,Trip Completed,23.0,11.0,12.0,2.45,47.83,95.34,4405.79,3271.72,5.0
EVT-00046,2025-06-06,Pune,Driver,Partner,Control,Rider Request,5.0,0.0,5.0,8.4,0.0,93.76,0.0,3450.0,2.6
EVT-00317,2025-06-07,Delhi,Driver,Partner,Control,Driver Online,7.0,7.0,0.0,15.74,100.0,90.82,1028.04,738.87,3.2
EVT-00476,2025-06-07,Hyderabad,Rider,Web,Control,Rider Request,12.0,6.0,6.0,2.0,50.0,80.79,2262.99,1041.78,2.9
EVT-00117,2025-06-07,Delhi,Rider,Web,Pilot,Trip Completed,26.0,13.0,13.0,12.94,50.0,86.75,1222.03,837.33,4.9
EVT-00405,2025-06-07,Pune,Rider,Web,Control,Trip Completed,23.0,12.0,11.0,5.21,52.17,39.36,4336.19,2069.53,3.7
EVT-00386,2025-06-07,Hyderabad,Rider,App,Pilot,Rider Request,23.0,9.0,14.0,13.55,39.13,43.53,1324.78,583.25,3.2
EVT-00607,2025-06-07,Kolkata,Rider,Partner,Pilot,Trip Completed,1.0,0.0,1.0,5.91,0.0,50.41,0.0,0.0,3.7
EVT-00341,2025-06-07,Bengaluru,Driver,App,Pilot,Driver Online,22.0,20.0,2.0,13.63,90.91,68.48,3558.03,2122.04,3.2
EVT-00168,2025-06-07,Hyderabad,Rider,Partner,Control,Driver Online,32.0,29.0,3.0,15.71,90.62,88.33,11380.62,5418.55,4.4
EVT-00620,2025-06-07,Delhi,Driver,Partner,Control,Trip Completed,6.0,5.0,1.0,15.61,83.33,62.21,1056.37,734.08,4.0
EVT-00362,2025-06-07,Kolkata,Driver,Web,Control,Trip Completed,29.0,2.0,27.0,9.49,6.9,78.71,535.88,245.5,3.0
EVT-00107,2025-06-07,Kolkata,Driver,App,Control,Trip Completed,15.0,13.0,2.0,13.94,86.67,84.69,1807.99,1329.64,4.9
EVT-00475,2025-06-08,Kolkata,Driver,Partner,Pilot,Rider Request,26.0,15.0,11.0,10.35,57.69,80.19,3462.17,2837.04,3.2
EVT-00545,2025-06-08,Pune,Driver,Web,Control,Trip Cancelled,20.0,15.0,5.0,2.98,75.0,61.33,5551.75,4319.69,2.7
EVT-00542,2025-06-08,Delhi,Rider,Web,Pilot,Rider Request,31.0,10.0,21.0,3.86,32.26,35.88,2727.32,2225.86,4.2
EVT-00467,2025-06-09,Bengaluru,Rider,Partner,Pilot,Driver Online,1.0,1.0,0.0,5.23,100.0,73.85,93.71,48.08,3.7
EVT-00258,2025-06-09,Delhi,Rider,Partner,Pilot,Trip Completed,30.0,2.0,28.0,2.45,6.67,63.0,347.37,229.62,5.0
EVT-00144,2025-06-09,Bengaluru,Driver,App,Pilot,Trip Cancelled,25.0,1.0,24.0,6.03,4.0,72.61,309.79,177.0,3.6
EVT-00307,2025-06-10,Hyderabad,Driver,App,Pilot,Trip Completed,21.0,2.0,19.0,15.1,9.52,74.69,743.52,551.61,3.6
EVT-00528,2025-06-11,Pune,Driver,Partner,Pilot,Trip Cancelled,3.0,0.0,3.0,2.07,0.0,75.0,0.0,0.0,3.5
EVT-00489,2025-06-11,Kolkata,Driver,Web,Pilot,Trip Completed,9.0,8.0,1.0,5.53,88.89,95.9,3246.14,1538.07,3.4
EVT-00207,2025-06-11,Bengaluru,Rider,App,Pilot,Trip Cancelled,6.0,5.0,1.0,5.7,83.33,57.8,1203.24,448.6,2.9
EVT-00112,2025-06-11,Pune,Rider,App,Control,Trip Completed,15.0,11.0,4.0,9.31,73.33,96.0,1573.87,1234.4,4.4
EVT-00215,2025-06-12,Bengaluru,Rider,Partner,Control,Trip Completed,21.0,16.0,5.0,5.06,76.19,64.4,5722.97,2195.86,3.5
EVT-00350,2025-06-12,Delhi,Rider,Partner,Pilot,Driver Online,24.0,16.0,8.0,16.34,66.67,95.62,3695.99,2679.65,3.8
EVT-00271,2025-06-12,Chennai,Driver,App,Control,Trip Completed,4.0,2.0,2.0,9.77,50.0,79.49,523.32,324.65,3.6
EVT-00263,2025-06-13,Mumbai,Rider,Web,Control,Trip Cancelled,23.0,20.0,3.0,6.16,86.96,61.79,1855.48,768.05,4.4
EVT-00146,2025-06-13,Bengaluru,Rider,App,Pilot,Trip Completed,4.0,4.0,0.0,10.06,100.0,39.26,1408.48,657.56,3.9
EVT-00463,2025-06-13,Delhi,Rider,App,Control,Trip Completed,19.0,17.0,2.0,9.02,89.47,65.37,5739.95,2818.08,3.3
EVT-00285,2025-06-13,Bengaluru,Rider,App,Control,Trip Completed,1.0,0.0,1.0,13.68,0.0,67.85,0.0,0.0,4.8
EVT-00337,2025-06-13,Mumbai,Rider,Web,Control,Driver Online,19.0,2.0,17.0,3.85,10.53,54.73,737.68,291.01,5.0
EVT-00158,2025-06-13,Hyderabad,Driver,Partner,Control,Driver Online,7.0,2.0,5.0,8.33,28.57,87.13,658.86,484.03,2.5
EVT-00507,2025-06-13,Chennai,Rider,App,Pilot,Rider Request,3.0,1.0,2.0,12.42,33.33,86.46,334.85,234.32,3.3
EVT-00609,2025-06-14,Pune,Rider,Web,Control,Trip Completed,33.0,1.0,32.0,14.82,3.03,63.96,156.02,127.43,3.4
EVT-00222,2025-06-14,Delhi,Rider,App,Pilot,Driver Online,23.0,18.0,5.0,7.38,78.26,87.09,5779.16,2534.66,3.8
EVT-00363,2025-06-14,Bengaluru,Rider,App,Pilot,Trip Completed,2.0,1.0,1.0,3.57,50.0,45.79,361.3,232.11,3.3
EVT-00327,2025-06-15,Hyderabad,Rider,Web,Control,Trip Cancelled,34.0,15.0,19.0,6.21,44.12,93.41,6146.63,3906.98,2.9
EVT-00043,2025-06-15,Pune,Driver,Web,Pilot,Rider Request,21.0,15.0,6.0,10.21,71.43,97.56,1576.36,988.26,4.9
EVT-00313,2025-06-15,Delhi,Driver,Partner,Control,Driver Online,27.0,22.0,5.0,15.75,81.48,41.93,8679.35,5778.9,2.6
EVT-00078,2025-06-15,Bengaluru,Rider,App,Pilot,Trip Completed,3.0,3.0,0.0,5.99,100.0,91.54,777.11,583.12,4.9
EVT-00294,2025-06-16,Kolkata,Rider,Web,Pilot,Trip Completed,28.0,23.0,5.0,11.67,82.14,70.08,5091.36,2873.93,3.9
EVT-00380,2025-06-16,Hyderabad,Rider,Web,Control,Trip Completed,13.0,12.0,1.0,1.92,92.31,52.93,2767.58,1822.6,4.6
EVT-00485,2025-06-16,Mumbai,Rider,Web,Pilot,Trip Cancelled,4.0,0.0,4.0,15.58,0.0,66.39,0.0,0.0,3.9
EVT-00190,2025-06-16,Hyderabad,Rider,App,Pilot,Trip Completed,5.0,2.0,3.0,4.73,40.0,46.76,223.94,118.32,4.4
EVT-00468,2025-06-17,Pune,Rider,Partner,Pilot,Driver Online,4.0,4.0,0.0,6.75,100.0,35.55,839.7,420.61,2.6
EVT-00287,2025-06-17,Hyderabad,Driver,Partner,Control,Trip Completed,34.0,21.0,13.0,14.45,61.76,72.73,3115.84,2010.08,3.5
EVT-00451,2025-06-17,Mumbai,Driver,App,Pilot,Trip Completed,17.0,15.0,2.0,10.59,88.24,44.65,4913.39,3194.32,4.3
EVT-00094,2025-06-17,Mumbai,Rider,Partner,Pilot,Trip Completed,4.0,4.0,0.0,12.42,100.0,81.48,1027.43,578.86,4.7
EVT-00547,2025-06-18,Mumbai,Driver,Web,Pilot,Rider Request,26.0,4.0,22.0,3.6,15.38,61.94,538.77,377.23,4.4
EVT-00145,2025-06-18,Delhi,Rider,Partner,Pilot,Driver Online,4.0,1.0,3.0,7.06,25.0,92.05,342.69,165.33,4.1
EVT-00625,2025-06-19,Mumbai,Driver,Web,Pilot,Trip Completed,19.0,7.0,12.0,2.12,36.84,75.53,1184.77,445.68,3.1
EVT-00456,2025-06-19,Pune,Driver,Web,Control,Rider Request,18.0,4.0,14.0,3.55,22.22,42.65,1300.74,574.79,3.3
EVT-00430,2025-06-19,Delhi,Rider,Web,Control,Trip Completed,34.0,3.0,31.0,17.82,8.82,65.44,1246.63,906.65,3.1
EVT-00391,2025-06-19,Delhi,Driver,App,Control,Trip Cancelled,9.0,5.0,4.0,2.92,55.56,86.31,876.57,364.73,3.6
EVT-00297,2025-06-20,Delhi,Rider,App,Pilot,Rider Request,32.0,25.0,7.0,5.68,78.12,35.63,8149.27,5034.85,4.6
EVT-00138,2025-06-20,Pune,Rider,Partner,Pilot,Rider Request,15.0,8.0,7.0,12.3,53.33,58.94,1176.26,693.51,3.0
EVT-00075,2025-06-20,Bengaluru,Driver,Partner,Pilot,Trip Completed,7.0,3.0,4.0,8.41,42.86,92.64,609.64,390.35,4.1
EVT-00627,2025-06-21,Chennai,Rider,Web,Control,Trip Completed,21.0,19.0,2.0,10.84,90.48,73.78,1775.54,979.24,4.1
EVT-00632,2025-06-21,Bengaluru,Rider,Partner,Pilot,Trip Completed,24.0,24.0,0.0,12.59,100.0,67.05,7804.36,4107.79,3.3
EVT-00421,2025-06-21,Kolkata,Rider,Partner,Control,Trip Cancelled,17.0,2.0,15.0,14.59,11.76,96.82,794.09,648.72,3.5
EVT-00013,2025-06-21,Kolkata,Rider,Web,Pilot,Trip Cancelled,12.0,6.0,6.0,9.7,50.0,53.96,1061.07,390.94,4.0
EVT-00643,2025-06-21,Mumbai,Rider,App,Control,Trip Completed,6.0,3.0,3.0,4.82,50.0,95.42,865.67,416.25,2.7
EVT-00083,2025-06-21,Bengaluru,Driver,Web,Control,Trip Completed,10.0,7.0,3.0,17.76,70.0,64.68,993.41,588.49,3.8
EVT-00385,2025-06-22,Kolkata,Driver,Partner,Control,Trip Completed,29.0,18.0,11.0,2.77,62.07,45.46,1813.96,1087.74,2.8
EVT-00404,2025-06-22,Chennai,Driver,Partner,Control,Rider Request,21.0,8.0,13.0,4.94,38.1,57.39,2460.28,1456.24,3.5
EVT-00042,2025-06-22,Pune,Driver,Web,Pilot,Trip Completed,1.0,0.0,1.0,11.13,0.0,95.62,0.0,0.0,4.7
EVT-00155,2025-06-22,Hyderabad,Driver,App,Control,Rider Request,29.0,27.0,2.0,15.55,93.1,35.02,2322.37,1512.51,3.4
EVT-00040,2025-06-23,Pune,Driver,Web,Pilot,Rider Request,2.0,0.0,2.0,9.97,0.0,49.69,0.0,0.0,4.7
EVT-00212,2025-06-24,Kolkata,Rider,Partner,Control,Trip Completed,4.0,0.0,4.0,9.03,0.0,58.25,0.0,0.0,4.4
EVT-00563,2025-06-24,Mumbai,Rider,App,Control,Driver Online,28.0,6.0,22.0,7.55,21.43,41.67,1761.54,723.44,5.0
EVT-00009,2025-06-24,Chennai,Rider,App,Control,Trip Completed,14.0,6.0,8.0,2.17,42.86,79.77,706.22,402.31,3.0
EVT-00202,2025-06-24,Hyderabad,Driver,Web,Pilot,Trip Completed,17.0,8.0,9.0,1.7,47.06,64.53,1459.44,947.44,3.2
EVT-00184,2025-06-25,Kolkata,Rider,Web,Control,Driver Online,14.0,8.0,6.0,9.66,57.14,96.71,1034.3,737.02,3.0
EVT-00538,2025-06-25,Bengaluru,Driver,Partner,Control,Trip Completed,15.0,11.0,4.0,4.91,73.33,93.28,2249.26,903.79,4.3
EVT-00406,2025-06-25,Hyderabad,Rider,Web,Pilot,Driver Online,31.0,20.0,11.0,13.63,64.52,73.44,4919.61,2049.47,3.2
EVT-00257,2025-06-25,Bengaluru,Driver,App,Pilot,Trip Completed,13.0,12.0,1.0,3.46,92.31,53.2,2583.17,2091.76,5.0
EVT-00284,2025-06-25,Mumbai,Driver,Partner,Pilot,Driver Online,33.0,10.0,23.0,11.31,30.3,58.45,1932.32,1531.33,3.5
EVT-00598,2025-06-26,Pune,Rider,Partner,Pilot,Driver Online,34.0,9.0,25.0,5.76,26.47,86.57,3472.78,2573.21,3.0
EVT-00036,2025-06-26,Bengaluru,Driver,Web,Pilot,Trip Cancelled,23.0,4.0,19.0,5.44,17.39,77.83,1326.28,622.18,3.4
EVT-00524,2025-06-26,Hyderabad,Rider,Partner,Control,Trip Completed,18.0,15.0,3.0,17.99,83.33,48.32,2552.37,1739.26,4.9
EVT-00100,2025-06-26,Delhi,Rider,Web,Pilot,Trip Completed,18.0,16.0,2.0,4.04,88.89,86.4,2500.96,1155.22,3.8
EVT-00551,2025-06-27,Bengaluru,Driver,App,Pilot,Trip Cancelled,27.0,19.0,8.0,13.56,70.37,39.83,5809.65,2723.45,3.7
EVT-00520,2025-06-27,Delhi,Driver,Web,Pilot,Trip Completed,29.0,21.0,8.0,4.34,72.41,62.15,5325.11,2238.12,3.6
EVT-00305,2025-06-27,Hyderabad,Rider,Web,Pilot,Rider Request,3.0,1.0,2.0,13.85,33.33,49.18,259.77,198.19,3.7
EVT-00249,2025-06-27,Bengaluru,Rider,Web,Pilot,Trip Completed,7.0,1.0,6.0,16.29,14.29,88.37,187.15,91.35,5.0
EVT-00090,2025-06-28,Chennai,Driver,Web,Pilot,Trip Completed,17.0,9.0,8.0,12.89,52.94,67.84,985.32,816.91,4.4
EVT-00062,2025-06-28,Chennai,Rider,Web,Control,Trip Cancelled,5.0,5.0,0.0,17.47,100.0,79.79,739.16,530.81,3.8
EVT-00392,2025-06-29,Kolkata,Rider,Web,Pilot,Trip Completed,18.0,11.0,7.0,13.91,61.11,92.05,4004.29,1795.7,3.6
EVT-00109,2025-06-29,Pune,Driver,Partner,Pilot,Driver Online,15.0,15.0,0.0,14.21,100.0,78.05,3474.1,1691.24,5.0
EVT-00342,2025-06-29,Kolkata,Driver,App,Pilot,Trip Completed,5.0,5.0,0.0,16.39,100.0,56.67,1646.1,1118.25,4.8
EVT-00436,2025-06-30,Kolkata,Driver,Partner,Control,Rider Request,14.0,13.0,1.0,8.85,92.86,72.31,4138.13,1850.31,3.6
EVT-00570,2025-06-30,Chennai,Driver,Web,Control,Trip Completed,24.0,1.0,23.0,6.64,4.17,84.32,230.5,136.6,4.4
EVT-00160,2025-06-30,Mumbai,Rider,App,Pilot,Trip Completed,11.0,4.0,7.0,15.43,36.36,41.18,984.01,418.23,3.3
